source,target,weight
pos_reward,score,0.30032384
penalty_object,completion_bouns,0.020356473
throw_reward,time_penalty,0.012703685
vel_penalty,vel_object_another_reward,0.01059661
vel_penalty,vel_object_reward,0.010596587
success_bonus,sparse_reward,0.01028093
high_penalty,alignment_reward,0.010262935
manipulation_reward,fingertip_object_reward,0.010250413
time_penalty,catch_reward,0.005473031
finger_reward,catch_reward,0.0052035623
finger_reward,release_reward,0.0033914018
time_penalty,release_reward,0.003277477
task_reward,stability_reward,0.002232202
task_reward,bottle_hold_reward,0.0020714856
task_reward,cap_grasp_reward,0.0018825708
simultaneous_success,cap_distance_reward,0.0006394384
handover_reward,grasp_reward,0.00055464666
simultaneity_reward,rotation_penalty,0.00051824935
right_hand_reward,penalty,0.00051645294
placement_reward,door_reward,0.0004960125
time_penalty,orientation_penalty,0.00049225625
force_reward,high_penalty,0.0004734472
high_penalty,cap_goal_reward,0.00047223506
vel_object_reward,penalty_drop_object_another,0.00047186651
vel_object_reward,penalty_drop_object,0.00047186518
sparse_reward,ang_vel_penalty,0.00046923867
pos_reward,cap_distance_reward,0.00046366281
manipulation_reward,hand_to_object_reward,0.0004601783
fingertip_reward,high_penalty,0.00046015956
cap_height_reward,finger_grasp_reward,0.00045526258
completion_bouns,object_pos_reward,0.00045414828
hand_reward,manipulation_reward,0.00044799707
door_move_reward,ang_vel_penalty,0.0004473616
cap_height_reward,task_completion_bonus,0.00044663672
progress_reward,rotation_reward,0.00044075452
direction_reward,vel_object_reward,0.0004397195
direction_reward,vel_object_another_reward,0.00043971627
door_reward,finger_coord_reward,0.00043888664
catch_reward,vel_penalty,0.0004375898
vel_object_another_reward,dist_reward,0.00043703485
penalty_object_another,task_reward,0.00043502756
stability_reward,object_to_goal_reward,0.00043208114
cap_up_reward,pos_reward,0.00043027685
high_penalty,cap_distance_reward,0.0004289412
hand_dist_reward,door_open_vel_reward,0.00042866505
task_completion_reward,door_open_reward,0.00041956003
finger_grasp_reward,penalty,0.0004181554
penalty_drop_object_another,cap_progress_reward,0.0004143875
ang_vel_reward,throw_bonus,0.00041374576
finger_distance_reward,completion_bouns,0.00041190727
vel_penalty,hand_dist_reward,0.0004106107
cap_up_reward,separation_reward,0.00040806795
cap_progress_reward,combined_success_reward,0.00040697117
simultaneous_success,cap_goal_reward,0.00040625344
finger_reward,progress_reward,0.00040559247
object_pos_reward,reach_reward,0.00040522392
alignment_reward,cap_height_reward,0.00040080884
success_bonus,right_hand_reward,0.00039812442
task_penalty,task_completion_bonus,0.00039794485
finger_coord_reward,lift_reward,0.00039680192
task_reward,high_penalty,0.00039594405
movement_reward,place_reward,0.00039524274
simultaneous_success,cap_height_reward,0.0003911117
door_move_reward,hand_reward,0.00038832266
vel_object_another_reward,vel_object_reward,0.00038789384
separation_reward,task_penalty,0.0003870762
smooth_reward,door_open_vel_reward,0.00038648958
high_penalty,ang_vel_penalty,0.00038553475
door_reward,place_reward,0.0003843582
combined_success_reward,handover_reward,0.00038313688
ang_vel_penalty,vel_penalty,0.00038199592
place_reward,time_penalty,0.0003807422
simultaneity_reward,throw_bonus,0.00038038453
task_completion_bonus,orientation_reward,0.00037988232
distance_object_reward,throw_reward,0.00037963025
ang_vel_reward,simultaneous_success,0.00037934608
orientation_penalty,simultaneity_reward,0.000375337
completion_bouns,lift_reward,0.00037503944
penalty,ang_vel_reward,0.0003745902
stability_penalty,finger_grasp_reward,0.00037380488
placement_reward,rotation_reward,0.0003737518
door_open_reward,success_bonus,0.0003734863
penalty_object,hand_balance_reward,0.00036866832
lift_reward,distance_object_another_reward,0.00036727343
bottle_vel_reward,fingertip_another_object_reward,0.0003671783
handover_reward,place_reward,0.00036681836
manipulation_reward,separation_reward,0.00036599865
manipulation_reward,goal_pos_reward,0.0003636507
task_reward,cap_goal_reward,0.000363511
success_reward,separation_reward,0.00036278903
object_to_goal_reward,task_completion_reward,0.00036200657
separation_reward,cap_progress_reward,0.00036068258
distance_object_another_reward,stability_reward,0.00036039474
dist_reward,orientation_penalty,0.00035865197
handover_reward,smooth_reward,0.0003580679
grasp_reward,height_reward,0.00035513594
success_reward,direction_reward,0.00035123326
door_reward,sparse_reward,0.0003496478
cap_progress_reward,hand_to_object_reward,0.00034939242
sparse_reward,finger_distance_reward,0.00034914105
door_reward,throw_reward,0.00034736283
lift_reward,completion_bouns,0.0003451992
completion_bouns,force_reward,0.00034351423
simultaneous_success,ang_vel_reward,0.00034343137
hand_dist_reward,distance_object_another_reward,0.00034268197
rotation_reward,sparse_reward,0.00034205947
contact_reward,task_completion_bonus,0.00033765868
bottle_hold_reward,cap_up_reward,0.00033730702
force_reward,distance_object_reward,0.00033541527
stability_penalty,completion_bouns,0.00033416646
success_reward,penalty_object_another,0.00033407632
time_penalty,cap_goal_reward,0.0003335466
completion_bouns,manipulation_reward,0.00033279252
force_reward,simultaneity_reward,0.00033212674
smooth_reward,success_reward,0.000332079
orientation_penalty,ang_vel_reward,0.0003292473
movement_reward,hand_reward,0.00032885346
cap_orientation_reward,penalty_object_another,0.0003284246
placement_reward,simultaneity_reward,0.0003279303
door_open_reward,penalty_drop_object,0.00032777892
door_open_reward,penalty_drop_object_another,0.00032777723
rotation_reward,hand_dist_reward,0.000327105
finger_reward,goal_pos_reward,0.000326542
lift_reward,simultaneity_reward,0.00032570752
placement_reward,success_bonus,0.0003255267
rotation_penalty,door_reward,0.00032528295
progress_reward,time_penalty,0.0003251492
door_reward,finger_reward,0.000324986
placement_reward,pos_reward,0.0003248554
throw_bonus,direction_reward,0.0003247214
door_reward,distance_object_reward,0.0003242671
cap_goal_reward,door_open_vel_reward,0.00032411132
ang_vel_reward,door_move_reward,0.0003236749
vel_object_another_reward,bottle_hold_reward,0.00032366122
distance_object_another_reward,place_reward,0.00032338884
movement_reward,stability_reward,0.00032303322
task_completion_bonus,sparse_reward,0.00032289606
finger_coord_reward,high_penalty,0.00032265598
finger_contact_reward,grasp_reward,0.00032238464
distance_object_reward,smooth_reward,0.00032200123
cap_grasp_reward,hand_balance_reward,0.00032178112
door_open_reward,ang_vel_reward,0.0003215605
penalty_object_another,grasp_reward,0.00032096947
sparse_reward,hand_balance_reward,0.0003203003
bottle_hold_reward,task_completion_bonus,0.00031977057
bottle_vel_reward,reach_reward,0.00031682235
success_object_another_reward,sparse_reward,0.00031668824
vel_object_another_reward,time_penalty,0.00031644074
goal_rot_reward,grasp_reward,0.0003157738
vel_penalty,contact_reward,0.00031425786
cap_up_reward,goal_rot_reward,0.00031396377
grasp_reward,finger_reward,0.0003131225
simultaneity_reward,task_reward,0.00031305477
reach_reward,object_to_goal_reward,0.0003126547
cap_goal_reward,finger_reward,0.00031238154
cap_progress_reward,fingertip_another_object_reward,0.00031186946
bottle_hold_reward,object_to_goal_reward,0.0003116406
hand_reward,vel_reward,0.00031114044
throw_bonus,throw_reward,0.0003110246
orientation_reward,cap_distance_reward,0.00031033473
cap_grasp_reward,progress_reward,0.0003102001
movement_reward,throw_bonus,0.00031003472
goal_reward,vel_object_another_reward,0.00030980818
goal_reward,vel_object_reward,0.00030980777
fingertip_reward,time_penalty,0.0003097023
pos_reward,completion_bouns,0.00030921912
simultaneous_success,force_reward,0.0003082446
direction_reward,contact_reward,0.0003076374
hand_dist_reward,high_penalty,0.0003074474
simultaneity_reward,placement_reward,0.00030726957
contact_reward,cap_height_reward,0.00030646764
handover_reward,distance_object_another_reward,0.00030492552
task_completion_bonus,bottle_vel_reward,0.00030477144
time_penalty,dist_reward,0.00030435616
cap_distance_reward,finger_distance_reward,0.00030341436
orientation_reward,stability_penalty,0.00030303135
stability_reward,door_move_reward,0.00030287032
task_penalty,right_hand_reward,0.00030277288
throw_bonus,fingertip_another_object_reward,0.00030114854
vel_penalty,door_move_reward,0.0003011318
orientation_penalty,door_move_reward,0.00030067726
right_hand_reward,smooth_reward,0.0002997938
success_object_another_reward,rotation_reward,0.00029915074
object_to_goal_reward,task_completion_bonus,0.00029755983
fingertip_reward,success_object_reward,0.00029755634
cap_goal_reward,task_completion_bonus,0.0002972359
door_open_reward,high_penalty,0.0002971984
cap_orientation_reward,catch_reward,0.0002969743
catch_reward,throw_bonus,0.00029679196
cap_orientation_reward,door_reward,0.00029669038
lift_reward,finger_reward,0.00029597143
rotation_penalty,catch_reward,0.00029556238
smooth_reward,cap_grasp_reward,0.00029553453
penalty_drop_object_another,catch_reward,0.00029547946
cap_up_reward,success_reward,0.00029495312
vel_penalty,bottle_vel_reward,0.00029460722
handover_reward,cap_up_reward,0.0002943763
finger_coord_reward,throw_bonus,0.00029413297
cap_up_reward,cap_distance_reward,0.00029399846
cap_goal_reward,place_reward,0.00029366568
place_reward,dist_reward,0.00029349618
right_hand_reward,movement_reward,0.00029341702
dist_reward,combined_success_reward,0.0002930535
finger_coord_reward,episode_length_penalty,0.00029304822
distance_object_reward,penalty_object,0.00029289312
contact_reward,episode_length_penalty,0.00029263855
task_completion_bonus,penalty_drop_object_another,0.00029201395
task_completion_bonus,penalty_drop_object,0.00029201029
rotation_penalty,penalty_drop_object,0.0002918277
rotation_penalty,penalty_drop_object_another,0.0002918272
finger_distance_reward,catch_reward,0.00029170915
vel_penalty,ang_vel_penalty,0.00029167157
penalty_object_another,goal_reward,0.00029112952
bottle_vel_reward,direction_reward,0.0002909597
hand_to_object_reward,release_reward,0.00029090414
ang_vel_reward,reach_reward,0.00029050975
movement_reward,handover_reward,0.00029030483
success_reward,throw_reward,0.00029024426
penalty_drop_object_another,penalty_object,0.00028977756
pos_reward,cap_height_reward,0.00028964848
separation_reward,stability_penalty,0.0002891026
object_pos_reward,goal_pos_reward,0.00028899888
dist_reward,rotation_reward,0.00028785452
vel_penalty,high_penalty,0.00028770533
contact_reward,finger_distance_reward,0.0002875576
cap_grasp_reward,cap_distance_reward,0.0002869397
completion_bouns,door_reward,0.00028628015
vel_object_reward,orientation_penalty,0.00028614068
bottle_hold_reward,stability_penalty,0.00028583498
rotation_penalty,cap_opening_reward,0.00028537566
hand_reward,fingertip_reward,0.00028525275
goal_pos_reward,force_reward,0.00028519492
stability_reward,throw_bonus,0.00028518558
goal_rot_reward,dist_reward,0.00028470106
completion_bouns,success_object_reward,0.0002846705
rotation_reward,height_reward,0.00028453133
vel_object_reward,task_completion_reward,0.0002842305
transfer_reward,progress_reward,0.0002832293
cap_up_reward,place_reward,0.00028291784
direction_reward,time_penalty,0.00028214633
grasp_reward,high_penalty,0.00028183032
task_completion_reward,vel_object_reward,0.00028168692
task_completion_reward,vel_object_another_reward,0.00028168276
door_open_reward,finger_reward,0.00028077496
finger_grasp_reward,object_to_goal_reward,0.0002806956
stability_penalty,cap_grasp_reward,0.00028042542
task_completion_reward,stability_penalty,0.00028036852
stability_penalty,success_reward,0.00027945015
goal_rot_reward,stability_reward,0.00027943624
simultaneity_reward,cap_orientation_reward,0.0002791882
hand_switch_bonus,finger_distance_reward,0.00027904415
task_reward,ang_vel_penalty,0.00027849112
finger_distance_reward,penalty_drop_object,0.00027825194
finger_distance_reward,penalty_drop_object_another,0.00027824886
hand_dist_reward,simultaneous_success,0.0002779435
contact_reward,penalty_object,0.00027741995
goal_reward,stability_penalty,0.0002768134
grasp_reward,vel_object_reward,0.00027672295
grasp_reward,vel_object_another_reward,0.00027672193
smooth_reward,finger_contact_reward,0.00027663077
alignment_reward,right_hand_reward,0.00027646247
penalty_drop_object_another,goal_reward,0.00027641648
penalty_object_another,finger_grasp_reward,0.00027635903
cap_progress_reward,penalty_object,0.00027623752
movement_reward,finger_coord_reward,0.00027564948
manipulation_reward,episode_length_penalty,0.00027552992
hand_dist_reward,cap_opening_reward,0.00027539436
throw_reward,object_to_goal_reward,0.00027526886
task_completion_reward,rotation_penalty,0.00027512322
bottle_vel_reward,ang_vel_penalty,0.0002748779
object_pos_reward,cap_orientation_reward,0.00027444828
task_completion_reward,height_reward,0.00027427706
cap_distance_reward,combined_success_reward,0.0002741589
fingertip_reward,pos_reward,0.00027363084
hand_switch_bonus,stability_reward,0.00027349868
vel_object_another_reward,penalty_object_another,0.00027327935
rotation_reward,task_penalty,0.000272969
hand_dist_reward,door_move_reward,0.00027284108
transfer_reward,task_reward,0.00027269791
success_bonus,vel_penalty,0.00027261217
task_completion_reward,hand_switch_bonus,0.00027254596
simultaneous_success,bottle_vel_reward,0.0002724464
simultaneous_success,penalty_drop_object,0.00027204634
simultaneous_success,penalty_drop_object_another,0.00027195935
distance_object_another_reward,hand_dist_reward,0.00027165163
height_reward,hand_switch_bonus,0.0002714086
catch_reward,finger_grasp_reward,0.0002712184
rotation_reward,direction_reward,0.00027112008
handover_reward,separation_reward,0.00027092165
task_completion_bonus,penalty_object_another,0.00027045724
vel_penalty,cap_distance_reward,0.0002699979
fingertip_object_reward,penalty,0.00026947324
grasp_reward,completion_bouns,0.00026851546
distance_object_another_reward,pos_reward,0.00026826691
place_reward,hand_to_object_reward,0.0002681485
penalty_drop_object,penalty,0.00026766115
object_to_goal_reward,fingertip_reward,0.0002675467
fingertip_reward,hand_dist_reward,0.00026731973
success_bonus,vel_object_reward,0.0002666095
force_reward,progress_reward,0.00026658742
fingertip_reward,vel_object_reward,0.00026622976
fingertip_reward,vel_object_another_reward,0.00026622505
direction_reward,finger_coord_reward,0.00026597956
grasp_reward,finger_distance_reward,0.00026559643
throw_bonus,alignment_reward,0.0002652595
fingertip_another_object_reward,hand_to_object_reward,0.0002648642
penalty_drop_object,hand_to_object_reward,0.00026420684
cap_progress_reward,high_penalty,0.00026403775
penalty,dist_reward,0.00026395512
cap_opening_reward,episode_length_penalty,0.00026375553
penalty_drop_object,catch_reward,0.0002636979
force_reward,hand_dist_reward,0.0002635628
bottle_vel_reward,door_move_reward,0.00026316763
dist_reward,penalty_object_another,0.00026280028
task_completion_reward,sparse_reward,0.00026253212
rotation_reward,success_object_another_reward,0.00026242153
cap_opening_reward,goal_pos_reward,0.00026235197
release_reward,pos_reward,0.00026230994
contact_reward,hand_balance_reward,0.00026218584
time_penalty,penalty,0.0002620666
door_reward,finger_contact_reward,0.00026202932
catch_reward,ang_vel_reward,0.00026197752
finger_grasp_reward,orientation_penalty,0.0002619742
rotation_penalty,movement_reward,0.0002616271
ang_vel_penalty,finger_coord_reward,0.00026114637
object_pos_reward,transfer_reward,0.00025994715
rotation_reward,left_hand_reward,0.00025953
penalty_object_another,rotation_penalty,0.00025927584
rotation_penalty,bottle_vel_reward,0.000259221
dist_reward,hand_dist_reward,0.0002587819
sparse_reward,separation_reward,0.0002587641
contact_reward,release_reward,0.00025846597
cap_height_reward,finger_reward,0.000258282
door_open_vel_reward,fingertip_object_reward,0.00025781637
sparse_reward,simultaneity_reward,0.00025743438
cap_height_reward,ang_vel_reward,0.00025742344
success_reward,goal_rot_reward,0.00025644994
object_to_goal_reward,vel_reward,0.00025622518
penalty,high_penalty,0.00025613228
vel_reward,door_reward,0.0002556616
left_hand_reward,episode_length_penalty,0.0002555226
vel_object_another_reward,stability_reward,0.00025548803
fingertip_another_object_reward,stability_reward,0.00025539944
orientation_penalty,handover_reward,0.0002553813
throw_reward,episode_length_penalty,0.00025482528
door_open_vel_reward,hand_dist_reward,0.00025427438
door_reward,door_open_reward,0.00025420802
ang_vel_penalty,hand_switch_bonus,0.00025416422
throw_bonus,cap_distance_reward,0.00025405345
place_reward,ang_vel_penalty,0.00025389102
cap_distance_reward,goal_reward,0.00025385592
dist_reward,simultaneous_success,0.0002534532
episode_length_penalty,ang_vel_penalty,0.00025341884
penalty_drop_object_another,success_reward,0.0002533337
finger_coord_reward,rotation_reward,0.00025324404
lift_reward,catch_reward,0.00025297434
reach_reward,catch_reward,0.00025292044
right_hand_reward,cap_distance_reward,0.00025291878
finger_coord_reward,goal_rot_reward,0.00025249246
task_completion_reward,door_move_reward,0.00025242433
movement_reward,pos_reward,0.00025236892
object_pos_reward,door_reward,0.0002520889
vel_object_another_reward,task_completion_bonus,0.00025180617
progress_reward,simultaneity_reward,0.0002511458
cap_height_reward,vel_object_reward,0.0002508174
cap_height_reward,vel_object_another_reward,0.00025081585
object_pos_reward,fingertip_reward,0.00025047862
vel_object_reward,left_hand_reward,0.0002504469
task_penalty,pos_reward,0.00024997586
height_reward,task_reward,0.0002497992
door_reward,grasp_reward,0.00024954238
goal_pos_reward,success_bonus,0.00024943502
vel_reward,vel_penalty,0.0002494133
penalty_object_another,simultaneity_reward,0.00024874593
success_bonus,simultaneous_success,0.00024856525
vel_penalty,door_reward,0.00024846112
orientation_penalty,cap_orientation_reward,0.00024828062
place_reward,success_bonus,0.00024798888
door_move_reward,stability_reward,0.00024750837
vel_penalty,vel_reward,0.00024749874
lift_reward,rotation_penalty,0.0002474748
penalty_object,lift_reward,0.00024745392
orientation_reward,finger_coord_reward,0.0002472153
goal_rot_reward,throw_reward,0.0002465554
grasp_reward,rotation_penalty,0.0002464382
transfer_reward,movement_reward,0.00024640906
separation_reward,cap_goal_reward,0.00024611002
cap_goal_reward,hand_switch_bonus,0.00024604352
cap_distance_reward,penalty,0.00024604113
bottle_vel_reward,bottle_hold_reward,0.0002459582
manipulation_reward,cap_goal_reward,0.00024517608
door_move_reward,rotation_penalty,0.000244411
cap_height_reward,task_reward,0.00024431283
simultaneity_reward,cap_goal_reward,0.00024408448
door_open_vel_reward,sparse_reward,0.0002435962
stability_penalty,alignment_reward,0.00024352547
object_pos_reward,success_bonus,0.00024288514
ang_vel_reward,cap_grasp_reward,0.00024288263
cap_opening_reward,penalty,0.00024269841
penalty_object_another,sparse_reward,0.00024254301
goal_reward,height_reward,0.00024240561
pos_reward,stability_reward,0.00024201328
finger_reward,finger_grasp_reward,0.00024176412
orientation_penalty,transfer_reward,0.00024160884
task_reward,finger_coord_reward,0.00024102491
goal_pos_reward,cap_goal_reward,0.00024062324
lift_reward,episode_length_penalty,0.00024048892
finger_coord_reward,fingertip_reward,0.0002402712
hand_balance_reward,manipulation_reward,0.00023955642
task_completion_bonus,object_to_goal_reward,0.0002395453
completion_bouns,vel_object_another_reward,0.00023953008
object_to_goal_reward,cap_orientation_reward,0.00023929743
hand_dist_reward,door_reward,0.00023883294
task_reward,penalty_object_another,0.0002386909
ang_vel_penalty,success_object_another_reward,0.00023852767
reach_reward,goal_pos_reward,0.00023833627
vel_penalty,cap_progress_reward,0.00023833572
transfer_reward,ang_vel_penalty,0.00023821442
fingertip_another_object_reward,completion_bouns,0.00023806632
manipulation_reward,orientation_penalty,0.00023797064
smooth_reward,high_penalty,0.00023796113
progress_reward,success_bonus,0.00023791811
placement_reward,high_penalty,0.00023749517
door_open_reward,separation_reward,0.00023743042
force_reward,place_reward,0.00023742224
vel_object_another_reward,finger_coord_reward,0.0002372631
task_completion_reward,door_open_vel_reward,0.00023723757
hand_to_object_reward,distance_object_another_reward,0.00023705445
cap_height_reward,simultaneous_success,0.00023680192
sparse_reward,hand_dist_reward,0.00023667412
left_hand_reward,bottle_vel_reward,0.0002364635
goal_rot_reward,object_pos_reward,0.00023636084
goal_pos_reward,movement_reward,0.00023604106
placement_reward,success_reward,0.00023580338
hand_reward,penalty_drop_object_another,0.00023575913
hand_reward,penalty_drop_object,0.0002357591
rotation_reward,cap_progress_reward,0.00023541837
success_object_reward,penalty_object_another,0.00023534634
distance_object_another_reward,alignment_reward,0.00023527919
orientation_reward,success_reward,0.00023521933
hand_balance_reward,penalty_object,0.00023516174
finger_distance_reward,transfer_reward,0.00023515246
cap_grasp_reward,goal_pos_reward,0.00023507692
placement_reward,stability_reward,0.00023490054
vel_object_reward,hand_switch_bonus,0.00023464597
door_reward,completion_bouns,0.000234549
bottle_vel_reward,rotation_reward,0.00023453712
fingertip_another_object_reward,pos_reward,0.00023447043
progress_reward,cap_progress_reward,0.00023443953
cap_progress_reward,door_open_vel_reward,0.00023440518
door_open_reward,task_completion_reward,0.00023405622
high_penalty,placement_reward,0.0002335462
hand_reward,door_open_reward,0.00023337752
stability_penalty,task_reward,0.00023320847
reach_reward,sparse_reward,0.0002330276
fingertip_another_object_reward,episode_length_penalty,0.00023269941
direction_reward,smooth_reward,0.00023231462
success_object_another_reward,place_reward,0.00023226516
goal_reward,cap_goal_reward,0.00023219352
goal_reward,orientation_reward,0.00023205265
object_to_goal_reward,throw_reward,0.000232029
penalty_object,separation_reward,0.00023201975
throw_reward,success_object_reward,0.00023164038
direction_reward,object_to_goal_reward,0.0002314654
penalty_drop_object_another,orientation_penalty,0.0002312251
penalty,manipulation_reward,0.00023089112
finger_distance_reward,finger_contact_reward,0.00023030746
penalty,cap_goal_reward,0.00023000335
completion_bouns,success_reward,0.00022995973
cap_up_reward,success_bonus,0.00022960284
time_penalty,hand_reward,0.00022922593
orientation_penalty,sparse_reward,0.00022912238
placement_reward,combined_success_reward,0.00022889633
throw_bonus,handover_reward,0.0002288401
cap_distance_reward,penalty_object,0.00022861926
completion_bouns,sparse_reward,0.00022840788
door_open_vel_reward,task_penalty,0.00022836297
object_pos_reward,success_object_another_reward,0.00022796904
throw_reward,object_pos_reward,0.0002279686
hand_reward,high_penalty,0.00022785025
goal_pos_reward,cap_progress_reward,0.00022785016
time_penalty,hand_to_object_reward,0.00022783829
cap_grasp_reward,finger_contact_reward,0.00022778854
goal_pos_reward,simultaneous_success,0.00022773418
hand_to_object_reward,task_reward,0.00022750901
penalty_object,reach_reward,0.0002274967
placement_reward,alignment_reward,0.00022732124
penalty,place_reward,0.00022700748
finger_reward,hand_reward,0.0002269957
task_completion_reward,cap_grasp_reward,0.00022665916
fingertip_reward,throw_bonus,0.00022656276
left_hand_reward,goal_pos_reward,0.00022645935
task_reward,penalty_drop_object_another,0.00022635938
place_reward,door_reward,0.00022623988
door_open_vel_reward,ang_vel_penalty,0.00022501245
goal_rot_reward,throw_bonus,0.00022462064
height_reward,combined_success_reward,0.00022435556
door_open_vel_reward,cap_goal_reward,0.00022418369
finger_reward,hand_to_object_reward,0.00022385019
door_move_reward,door_reward,0.00022355327
force_reward,task_completion_reward,0.00022344272
alignment_reward,vel_reward,0.00022344082
goal_reward,door_open_vel_reward,0.00022310551
hand_to_object_reward,rotation_reward,0.00022287043
alignment_reward,distance_object_another_reward,0.0002224251
rotation_reward,score,0.00022234667
cap_opening_reward,release_reward,0.00022222723
progress_reward,smooth_reward,0.00022214805
throw_bonus,ang_vel_reward,0.00022207254
manipulation_reward,simultaneity_reward,0.0002215266
penalty_drop_object,distance_object_another_reward,0.0002214482
finger_grasp_reward,task_completion_bonus,0.00022141663
stability_reward,success_reward,0.0002212069
fingertip_object_reward,score,0.00022112542
height_reward,door_move_reward,0.00022112326
vel_object_reward,place_reward,0.0002209602
vel_object_reward,hand_dist_reward,0.00022076615
ang_vel_penalty,door_open_reward,0.00022031456
goal_pos_reward,hand_balance_reward,0.00022022882
manipulation_reward,sparse_reward,0.00021968737
fingertip_another_object_reward,success_object_another_reward,0.00021949266
lift_reward,cap_grasp_reward,0.00021944492
vel_object_reward,finger_contact_reward,0.00021943214
finger_coord_reward,vel_penalty,0.00021940237
cap_goal_reward,episode_length_penalty,0.00021936669
stability_penalty,score,0.00021934754
high_penalty,finger_grasp_reward,0.00021920614
hand_reward,score,0.00021916354
penalty_object,bottle_hold_reward,0.00021911405
combined_success_reward,score,0.00021892868
handover_reward,movement_reward,0.0002187171
task_completion_reward,vel_penalty,0.00021869682
vel_penalty,finger_distance_reward,0.00021855322
object_to_goal_reward,score,0.00021809463
object_pos_reward,release_reward,0.00021805885
penalty_drop_object,score,0.00021800662
ang_vel_reward,ang_vel_reward,0.00021772397
cap_up_reward,cap_grasp_reward,0.0002176824
vel_object_another_reward,high_penalty,0.00021751015
cap_grasp_reward,manipulation_reward,0.00021745275
cap_grasp_reward,object_pos_reward,0.00021744307
finger_distance_reward,score,0.0002172582
episode_length_penalty,rotation_reward,0.0002168609
task_completion_reward,combined_success_reward,0.00021680315
stability_reward,score,0.0002167764
throw_reward,dist_reward,0.00021672582
sparse_reward,score,0.00021668119
progress_reward,score,0.0002166499
penalty_drop_object_another,success_bonus,0.0002164986
simultaneous_success,object_pos_reward,0.00021639284
finger_contact_reward,distance_object_reward,0.00021635555
simultaneous_success,finger_reward,0.00021623404
transfer_reward,time_penalty,0.00021609935
finger_distance_reward,handover_reward,0.00021598926
stability_penalty,hand_dist_reward,0.0002159522
rotation_reward,transfer_reward,0.00021586957
rotation_penalty,door_open_reward,0.00021574523
grasp_reward,orientation_reward,0.00021565829
vel_reward,ang_vel_reward,0.00021525641
goal_rot_reward,cap_distance_reward,0.00021504986
task_completion_bonus,score,0.00021484894
sparse_reward,object_to_goal_reward,0.0002147081
movement_reward,orientation_reward,0.0002144759
simultaneous_success,door_reward,0.00021376903
penalty_drop_object_another,separation_reward,0.00021373662
place_reward,completion_bouns,0.00021344004
penalty_drop_object,ang_vel_penalty,0.0002134172
direction_reward,bottle_hold_reward,0.00021340199
goal_pos_reward,score,0.00021324304
orientation_penalty,success_bonus,0.00021320485
finger_grasp_reward,alignment_reward,0.00021309672
finger_distance_reward,movement_reward,0.00021295552
penalty_object_another,score,0.00021279005
lift_reward,fingertip_reward,0.00021278314
door_move_reward,left_hand_reward,0.00021267086
task_penalty,score,0.00021261246
rotation_penalty,simultaneity_reward,0.00021257516
task_completion_reward,score,0.00021234916
ang_vel_penalty,task_penalty,0.00021215699
episode_length_penalty,finger_grasp_reward,0.00021211058
door_open_reward,direction_reward,0.0002121069
alignment_reward,door_open_reward,0.0002120898
contact_reward,task_completion_reward,0.00021186823
throw_bonus,completion_bouns,0.00021160333
placement_reward,goal_pos_reward,0.0002115437
door_reward,cap_progress_reward,0.0002114673
hand_switch_bonus,hand_balance_reward,0.0002114311
episode_length_penalty,hand_switch_bonus,0.00021059731
separation_reward,catch_reward,0.000210465
goal_rot_reward,movement_reward,0.00021031691
finger_coord_reward,task_completion_reward,0.00021015976
cap_grasp_reward,door_move_reward,0.0002095962
simultaneity_reward,cap_opening_reward,0.00020939112
direction_reward,penalty_object_another,0.00020903727
door_open_vel_reward,time_penalty,0.00020899928
direction_reward,vel_reward,0.00020855424
vel_reward,alignment_reward,0.00020850457
door_move_reward,cap_up_reward,0.0002083056
door_move_reward,hand_switch_bonus,0.00020813341
left_hand_reward,task_completion_reward,0.00020785912
progress_reward,manipulation_reward,0.00020783587
reach_reward,progress_reward,0.00020763959
stability_penalty,fingertip_reward,0.00020738608
door_move_reward,fingertip_object_reward,0.00020729544
goal_reward,door_open_reward,0.00020705126
vel_penalty,ang_vel_reward,0.00020698177
contact_reward,grasp_reward,0.0002069548
cap_grasp_reward,release_reward,0.0002068708
object_to_goal_reward,release_reward,0.00020679289
hand_to_object_reward,place_reward,0.00020654076
goal_rot_reward,cap_progress_reward,0.00020647145
stability_penalty,rotation_reward,0.0002064442
transfer_reward,direction_reward,0.00020640065
left_hand_reward,door_open_vel_reward,0.00020626774
bottle_hold_reward,penalty_object,0.00020624268
pos_reward,bottle_vel_reward,0.00020603555
finger_distance_reward,distance_object_reward,0.0002060249
success_object_reward,right_hand_reward,0.00020601683
finger_coord_reward,finger_grasp_reward,0.00020594957
success_object_another_reward,height_reward,0.00020566209
finger_coord_reward,cap_grasp_reward,0.00020558256
goal_rot_reward,distance_object_another_reward,0.00020532619
simultaneity_reward,vel_penalty,0.00020527017
grasp_reward,goal_reward,0.00020520724
pos_reward,door_open_reward,0.00020506645
penalty_object,hand_to_object_reward,0.00020467295
ang_vel_reward,completion_bouns,0.00020465396
contact_reward,cap_goal_reward,0.0002045782
distance_object_reward,finger_distance_reward,0.00020439054
penalty_object,time_penalty,0.00020420298
vel_penalty,success_object_another_reward,0.00020419531
reach_reward,fingertip_reward,0.00020412939
pos_reward,throw_bonus,0.00020391618
vel_object_reward,manipulation_reward,0.00020389163
grasp_reward,bottle_vel_reward,0.00020371917
task_penalty,success_object_reward,0.00020357948
task_reward,vel_reward,0.00020350455
cap_opening_reward,vel_penalty,0.00020350236
goal_pos_reward,ang_vel_reward,0.00020327867
vel_object_reward,penalty_object,0.00020320705
cap_height_reward,placement_reward,0.00020313157
place_reward,lift_reward,0.00020289987
penalty,reach_reward,0.00020286834
cap_goal_reward,success_object_reward,0.00020264476
time_penalty,alignment_reward,0.00020254691
combined_success_reward,cap_up_reward,0.00020237986
movement_reward,fingertip_another_object_reward,0.00020230141
cap_orientation_reward,object_pos_reward,0.00020230026
vel_penalty,completion_bouns,0.00020221886
catch_reward,bottle_vel_reward,0.0002020528
cap_progress_reward,vel_object_another_reward,0.00020204973
cap_progress_reward,vel_object_reward,0.00020204688
penalty_drop_object_another,penalty,0.00020192687
fingertip_another_object_reward,success_reward,0.00020182134
completion_bouns,separation_reward,0.00020180782
penalty_object_another,goal_pos_reward,0.00020130041
vel_object_reward,throw_reward,0.00020104757
manipulation_reward,handover_reward,0.00020093571
catch_reward,stability_reward,0.00020093354
task_completion_bonus,right_hand_reward,0.00020089588
combined_success_reward,vel_penalty,0.00020088672
vel_reward,height_reward,0.00020081628
hand_dist_reward,cap_distance_reward,0.00020045947
finger_reward,distance_object_reward,0.00019969861
ang_vel_penalty,distance_object_another_reward,0.00019897807
hand_balance_reward,orientation_penalty,0.00019880297
hand_dist_reward,score,0.00019873097
height_reward,alignment_reward,0.00019869421
stability_reward,dist_reward,0.0001985628
fingertip_another_object_reward,door_move_reward,0.00019852199
direction_reward,release_reward,0.0001984014
success_object_reward,movement_reward,0.00019830679
left_hand_reward,hand_reward,0.00019822687
reach_reward,door_move_reward,0.00019817449
cap_distance_reward,episode_length_penalty,0.00019816548
cap_distance_reward,stability_penalty,0.0001978499
ang_vel_reward,cap_orientation_reward,0.00019780076
door_reward,stability_reward,0.00019779595
force_reward,handover_reward,0.00019777339
task_completion_bonus,finger_coord_reward,0.00019750561
cap_up_reward,door_open_vel_reward,0.00019749481
bottle_vel_reward,throw_reward,0.00019746221
fingertip_another_object_reward,manipulation_reward,0.00019736071
door_open_reward,manipulation_reward,0.0001973085
simultaneous_success,completion_bouns,0.00019712515
contact_reward,finger_grasp_reward,0.00019709437
dist_reward,alignment_reward,0.00019705133
orientation_reward,lift_reward,0.00019698337
distance_object_another_reward,success_object_another_reward,0.000196781
movement_reward,left_hand_reward,0.00019662571
finger_contact_reward,vel_object_another_reward,0.00019639636
finger_contact_reward,vel_object_reward,0.00019639304
catch_reward,success_object_another_reward,0.00019629486
penalty_object_another,distance_object_another_reward,0.00019619385
cap_height_reward,cap_goal_reward,0.00019612045
finger_contact_reward,task_completion_reward,0.00019583823
ang_vel_penalty,goal_rot_reward,0.00019582297
finger_reward,door_open_reward,0.00019581508
pos_reward,simultaneity_reward,0.00019580394
goal_pos_reward,orientation_penalty,0.00019570446
grasp_reward,penalty_drop_object,0.00019551512
grasp_reward,penalty_drop_object_another,0.00019551475
lift_reward,left_hand_reward,0.0001951238
place_reward,release_reward,0.00019509022
rotation_reward,grasp_reward,0.00019503178
task_penalty,cap_progress_reward,0.00019501105
finger_coord_reward,penalty_object,0.00019494737
lift_reward,vel_object_another_reward,0.00019480666
lift_reward,vel_object_reward,0.00019480303
hand_to_object_reward,lift_reward,0.00019470257
orientation_reward,penalty_object_another,0.00019444799
throw_reward,catch_reward,0.00019431706
penalty_drop_object_another,bottle_vel_reward,0.00019411792
rotation_penalty,height_reward,0.0001940905
cap_progress_reward,smooth_reward,0.00019379244
penalty_drop_object_another,finger_contact_reward,0.00019362736
right_hand_reward,fingertip_object_reward,0.00019358596
pos_reward,task_completion_bonus,0.00019348194
door_open_reward,left_hand_reward,0.00019330824
placement_reward,distance_object_reward,0.00019328763
vel_object_another_reward,cap_grasp_reward,0.00019323756
pos_reward,dist_reward,0.00019314521
door_reward,task_completion_reward,0.00019312432
object_to_goal_reward,penalty,0.00019295175
throw_reward,high_penalty,0.0001928323
task_penalty,finger_reward,0.00019266743
progress_reward,left_hand_reward,0.00019244368
time_penalty,cap_grasp_reward,0.0001924047
ang_vel_reward,finger_grasp_reward,0.00019240336
orientation_reward,bottle_vel_reward,0.00019219877
grasp_reward,episode_length_penalty,0.0001921962
separation_reward,hand_to_object_reward,0.00019210175
penalty_drop_object_another,right_hand_reward,0.0001919207
task_reward,finger_contact_reward,0.00019190756
alignment_reward,grasp_reward,0.00019182381
place_reward,throw_bonus,0.00019173673
goal_pos_reward,task_penalty,0.00019170778
task_penalty,penalty,0.00019152717
object_to_goal_reward,direction_reward,0.00019151377
finger_coord_reward,stability_reward,0.00019132884
door_move_reward,alignment_reward,0.0001912034
orientation_reward,time_penalty,0.00019118661
place_reward,goal_rot_reward,0.00019100265
contact_reward,cap_progress_reward,0.0001909782
finger_contact_reward,cap_grasp_reward,0.00019091698
penalty_drop_object_another,cap_grasp_reward,0.00019087337
rotation_reward,goal_pos_reward,0.00019087132
throw_reward,left_hand_reward,0.00019067859
completion_bouns,fingertip_reward,0.0001905207
ang_vel_penalty,vel_object_reward,0.00019026168
ang_vel_penalty,vel_object_another_reward,0.00019025816
sparse_reward,cap_height_reward,0.00019023285
orientation_reward,object_pos_reward,0.00019022962
finger_distance_reward,separation_reward,0.00019018241
manipulation_reward,movement_reward,0.00019003487
sparse_reward,stability_penalty,0.00018984494
fingertip_another_object_reward,finger_distance_reward,0.00018973288
penalty_object_another,reach_reward,0.00018965545
progress_reward,cap_grasp_reward,0.00018937304
transfer_reward,distance_object_another_reward,0.00018934823
grasp_reward,cap_distance_reward,0.00018926688
release_reward,hand_dist_reward,0.00018901791
time_penalty,fingertip_another_object_reward,0.00018882626
dist_reward,hand_reward,0.00018837648
bottle_hold_reward,finger_distance_reward,0.00018795225
finger_contact_reward,vel_reward,0.0001879089
task_penalty,finger_contact_reward,0.00018768775
dist_reward,hand_switch_bonus,0.00018763446
door_reward,lift_reward,0.00018761632
placement_reward,completion_bouns,0.00018757868
pos_reward,goal_pos_reward,0.00018750397
goal_pos_reward,vel_penalty,0.00018741752
transfer_reward,stability_reward,0.00018730604
penalty_object_another,hand_dist_reward,0.00018722849
penalty_object_another,pos_reward,0.00018706951
movement_reward,door_move_reward,0.00018699055
cap_distance_reward,penalty_drop_object_another,0.00018673236
cap_distance_reward,penalty_drop_object,0.00018672978
cap_height_reward,alignment_reward,0.00018671356
task_completion_reward,orientation_penalty,0.00018625622
transfer_reward,reach_reward,0.0001862327
success_object_another_reward,fingertip_another_object_reward,0.00018614477
bottle_hold_reward,pos_reward,0.00018612473
success_object_another_reward,stability_reward,0.00018575034
finger_grasp_reward,success_object_another_reward,0.00018572393
cap_opening_reward,task_completion_bonus,0.00018552257
handover_reward,cap_opening_reward,0.00018548203
penalty,handover_reward,0.00018518025
penalty_object,finger_contact_reward,0.00018513405
bottle_vel_reward,goal_reward,0.00018510144
finger_grasp_reward,manipulation_reward,0.00018509221
goal_rot_reward,penalty_drop_object,0.00018504569
goal_rot_reward,penalty_drop_object_another,0.00018504374
task_reward,cap_progress_reward,0.00018503194
simultaneous_success,door_open_reward,0.00018490433
door_open_vel_reward,success_object_another_reward,0.0001849009
finger_grasp_reward,ang_vel_penalty,0.00018477859
right_hand_reward,orientation_penalty,0.0001847333
bottle_hold_reward,placement_reward,0.00018468784
success_object_reward,sparse_reward,0.0001845323
success_reward,door_move_reward,0.00018450398
combined_success_reward,throw_bonus,0.00018443784
combined_success_reward,high_penalty,0.00018441073
hand_balance_reward,hand_to_object_reward,0.00018440625
combined_success_reward,distance_object_reward,0.00018432405
finger_grasp_reward,release_reward,0.00018431744
smooth_reward,bottle_hold_reward,0.00018423045
high_penalty,bottle_vel_reward,0.00018406936
release_reward,task_reward,0.00018402841
direction_reward,force_reward,0.00018355426
time_penalty,handover_reward,0.00018347849
manipulation_reward,penalty,0.00018343833
time_penalty,bottle_hold_reward,0.00018343117
goal_pos_reward,lift_reward,0.00018336019
door_reward,ang_vel_reward,0.00018328527
success_object_another_reward,object_to_goal_reward,0.00018320659
task_completion_reward,bottle_hold_reward,0.00018310081
goal_rot_reward,hand_dist_reward,0.00018308214
success_bonus,distance_object_another_reward,0.00018298229
orientation_reward,success_object_reward,0.00018295449
high_penalty,handover_reward,0.0001828388
hand_switch_bonus,vel_object_reward,0.00018254755
hand_switch_bonus,vel_object_another_reward,0.0001825454
fingertip_another_object_reward,separation_reward,0.00018237178
cap_opening_reward,goal_reward,0.00018235552
door_open_vel_reward,goal_rot_reward,0.00018234586
success_object_another_reward,hand_dist_reward,0.00018218998
right_hand_reward,dist_reward,0.0001821614
transfer_reward,left_hand_reward,0.00018215911
throw_reward,goal_reward,0.00018198145
finger_contact_reward,penalty_drop_object_another,0.00018176626
finger_contact_reward,penalty_drop_object,0.00018176332
hand_switch_bonus,penalty,0.0001817179
rotation_penalty,high_penalty,0.00018153139
success_bonus,ang_vel_reward,0.00018144936
door_open_reward,penalty_object,0.00018134784
sparse_reward,cap_opening_reward,0.0001813372
combined_success_reward,object_to_goal_reward,0.00018128817
handover_reward,ang_vel_reward,0.0001812399
high_penalty,penalty_drop_object,0.00018123204
high_penalty,penalty_drop_object_another,0.00018123172
penalty_object_another,rotation_reward,0.00018116624
vel_object_reward,object_pos_reward,0.00018061607
cap_distance_reward,hand_switch_bonus,0.0001805464
contact_reward,distance_object_reward,0.00018044887
cap_orientation_reward,movement_reward,0.00018037077
smooth_reward,finger_reward,0.00018009913
hand_balance_reward,cap_distance_reward,0.00017995937
ang_vel_reward,cap_distance_reward,0.00017994047
transfer_reward,ang_vel_reward,0.00017985355
episode_length_penalty,catch_reward,0.00017971381
direction_reward,placement_reward,0.00017967484
transfer_reward,hand_balance_reward,0.00017965942
rotation_penalty,cap_goal_reward,0.00017964393
ang_vel_reward,goal_rot_reward,0.00017949447
orientation_reward,separation_reward,0.00017947446
vel_reward,cap_grasp_reward,0.00017934556
progress_reward,finger_coord_reward,0.00017933402
success_object_reward,force_reward,0.00017932657
vel_object_another_reward,cap_opening_reward,0.00017930863
vel_object_reward,door_open_reward,0.00017905363
hand_switch_bonus,finger_coord_reward,0.000178873
throw_bonus,high_penalty,0.00017862218
penalty_drop_object,progress_reward,0.00017856767
finger_grasp_reward,hand_switch_bonus,0.00017839373
goal_rot_reward,bottle_hold_reward,0.00017836795
rotation_reward,time_penalty,0.00017835568
goal_reward,bottle_vel_reward,0.0001783549
door_move_reward,vel_object_reward,0.00017833374
door_move_reward,vel_object_another_reward,0.0001783312
finger_distance_reward,stability_penalty,0.00017827367
finger_distance_reward,goal_reward,0.00017814265
finger_grasp_reward,penalty_drop_object,0.00017801976
finger_grasp_reward,penalty_drop_object_another,0.00017801729
release_reward,finger_grasp_reward,0.00017800288
finger_coord_reward,goal_pos_reward,0.00017775664
left_hand_reward,goal_rot_reward,0.00017775445
stability_penalty,cap_opening_reward,0.00017774293
vel_penalty,cap_orientation_reward,0.00017761062
height_reward,goal_rot_reward,0.00017758746
vel_object_another_reward,fingertip_reward,0.00017752749
penalty_drop_object,fingertip_another_object_reward,0.00017742261
penalty_object_another,cap_opening_reward,0.00017735185
door_open_vel_reward,penalty_object_another,0.00017728847
penalty,grasp_reward,0.00017720481
door_move_reward,direction_reward,0.0001771633
force_reward,right_hand_reward,0.00017712802
hand_reward,reach_reward,0.00017712124
vel_reward,handover_reward,0.00017709697
goal_pos_reward,fingertip_reward,0.0001770543
separation_reward,combined_success_reward,0.00017694612
left_hand_reward,alignment_reward,0.00017694519
cap_up_reward,simultaneity_reward,0.00017683423
hand_switch_bonus,penalty_drop_object,0.0001765842
hand_switch_bonus,penalty_drop_object_another,0.0001765835
cap_height_reward,rotation_reward,0.00017657228
fingertip_reward,finger_grasp_reward,0.00017655168
smooth_reward,bottle_vel_reward,0.00017648614
simultaneity_reward,distance_object_another_reward,0.00017647706
success_bonus,vel_reward,0.00017638314
finger_distance_reward,time_penalty,0.00017624353
cap_up_reward,alignment_reward,0.00017619484
object_to_goal_reward,door_open_vel_reward,0.00017615891
orientation_reward,cap_opening_reward,0.00017614993
distance_object_another_reward,finger_coord_reward,0.00017613168
penalty_drop_object,goal_reward,0.00017589795
force_reward,task_completion_bonus,0.00017570585
lift_reward,task_penalty,0.00017559425
ang_vel_penalty,left_hand_reward,0.00017548431
cap_distance_reward,left_hand_reward,0.00017543668
throw_reward,release_reward,0.00017542142
stability_reward,transfer_reward,0.00017542006
bottle_hold_reward,right_hand_reward,0.00017533865
cap_goal_reward,placement_reward,0.00017518883
sparse_reward,door_open_vel_reward,0.0001751661
finger_grasp_reward,movement_reward,0.0001747481
placement_reward,finger_coord_reward,0.0001746255
release_reward,sparse_reward,0.00017462549
episode_length_penalty,cap_up_reward,0.00017455753
force_reward,movement_reward,0.00017444338
penalty_object_another,door_reward,0.00017444097
height_reward,object_to_goal_reward,0.00017442738
success_object_reward,release_reward,0.0001740044
completion_bouns,alignment_reward,0.00017394622
dist_reward,orientation_reward,0.00017369977
object_to_goal_reward,finger_contact_reward,0.00017360885
ang_vel_reward,movement_reward,0.0001734355
task_penalty,catch_reward,0.00017342431
movement_reward,alignment_reward,0.00017335263
cap_distance_reward,rotation_reward,0.00017329474
transfer_reward,penalty_drop_object,0.00017329087
transfer_reward,penalty_drop_object_another,0.00017328834
distance_object_reward,task_completion_bonus,0.00017328498
combined_success_reward,success_bonus,0.00017294123
release_reward,placement_reward,0.0001725637
fingertip_reward,finger_contact_reward,0.00017244679
time_penalty,grasp_reward,0.00017240303
goal_reward,success_reward,0.00017236052
fingertip_reward,ang_vel_reward,0.00017231175
finger_reward,reach_reward,0.00017228597
separation_reward,distance_object_another_reward,0.0001722767
cap_orientation_reward,placement_reward,0.0001721757
combined_success_reward,hand_reward,0.00017214504
placement_reward,simultaneous_success,0.00017212282
rotation_penalty,cap_orientation_reward,0.00017208872
direction_reward,object_pos_reward,0.0001718357
door_move_reward,contact_reward,0.00017158136
vel_reward,penalty,0.00017147472
bottle_hold_reward,orientation_penalty,0.00017142964
door_reward,height_reward,0.00017136704
ang_vel_reward,vel_object_another_reward,0.00017107237
ang_vel_reward,vel_object_reward,0.00017107054
object_pos_reward,bottle_vel_reward,0.00017096044
finger_reward,success_object_another_reward,0.00017075521
finger_contact_reward,catch_reward,0.0001707479
rotation_reward,cap_grasp_reward,0.00017065358
cap_orientation_reward,hand_to_object_reward,0.00017063216
hand_reward,ang_vel_penalty,0.00017055683
force_reward,cap_opening_reward,0.00017054661
success_object_another_reward,door_open_vel_reward,0.0001700493
throw_reward,fingertip_reward,0.00016999958
throw_reward,door_open_reward,0.00016987407
orientation_penalty,finger_coord_reward,0.00016985675
success_object_reward,stability_reward,0.00016972258
completion_bouns,ang_vel_reward,0.00016969659
cap_height_reward,distance_object_reward,0.00016960148
success_object_reward,finger_coord_reward,0.00016956776
stability_reward,cap_up_reward,0.00016956072
smooth_reward,object_pos_reward,0.00016946445
smooth_reward,penalty_object,0.00016935544
direction_reward,alignment_reward,0.00016933167
fingertip_another_object_reward,cap_goal_reward,0.00016904877
object_pos_reward,left_hand_reward,0.0001689734
contact_reward,penalty_drop_object,0.0001688771
contact_reward,penalty_drop_object_another,0.0001688764
task_completion_reward,separation_reward,0.00016887633
direction_reward,episode_length_penalty,0.0001687979
alignment_reward,hand_reward,0.00016876588
rotation_reward,placement_reward,0.00016866344
penalty_drop_object_another,simultaneity_reward,0.00016850715
success_object_another_reward,release_reward,0.00016847419
penalty_drop_object_another,manipulation_reward,0.00016824866
sparse_reward,height_reward,0.00016824571
finger_contact_reward,cap_progress_reward,0.00016819846
fingertip_another_object_reward,goal_reward,0.0001681681
goal_pos_reward,cap_opening_reward,0.00016811481
door_move_reward,door_open_vel_reward,0.00016775548
episode_length_penalty,goal_rot_reward,0.00016759832
object_to_goal_reward,finger_grasp_reward,0.0001675231
fingertip_object_reward,transfer_reward,0.00016729937
high_penalty,manipulation_reward,0.00016721932
finger_reward,height_reward,0.00016718161
finger_coord_reward,dist_reward,0.00016717978
left_hand_reward,stability_reward,0.00016714363
transfer_reward,vel_object_another_reward,0.00016714023
transfer_reward,vel_object_reward,0.00016713921
penalty_drop_object_another,ang_vel_penalty,0.00016712304
finger_reward,completion_bouns,0.00016704937
simultaneity_reward,object_to_goal_reward,0.00016704202
high_penalty,vel_object_reward,0.0001670029
high_penalty,vel_object_another_reward,0.00016699848
grasp_reward,finger_coord_reward,0.0001668537
cap_grasp_reward,finger_distance_reward,0.00016657963
distance_object_another_reward,catch_reward,0.00016657803
grasp_reward,penalty,0.00016641144
cap_goal_reward,progress_reward,0.00016634687
manipulation_reward,combined_success_reward,0.00016629299
stability_reward,hand_balance_reward,0.00016612167
left_hand_reward,cap_goal_reward,0.00016592097
hand_balance_reward,direction_reward,0.00016590083
reach_reward,stability_reward,0.00016583073
cap_progress_reward,completion_bouns,0.00016570727
alignment_reward,ang_vel_reward,0.00016569691
bottle_vel_reward,separation_reward,0.00016563729
penalty_object_another,cap_goal_reward,0.0001656364
fingertip_reward,cap_height_reward,0.00016550532
penalty_object,ang_vel_penalty,0.00016547403
force_reward,combined_success_reward,0.0001652455
grasp_reward,manipulation_reward,0.0001644852
hand_balance_reward,combined_success_reward,0.00016439935
release_reward,rotation_reward,0.00016433584
distance_object_another_reward,episode_length_penalty,0.00016432082
finger_reward,manipulation_reward,0.00016429303
success_object_reward,alignment_reward,0.0001641515
rotation_penalty,combined_success_reward,0.00016405036
orientation_reward,manipulation_reward,0.00016398265
success_object_reward,goal_pos_reward,0.00016385126
finger_distance_reward,grasp_reward,0.00016377462
finger_reward,cap_goal_reward,0.00016371683
completion_bouns,goal_pos_reward,0.00016361345
simultaneity_reward,manipulation_reward,0.00016354372
success_reward,fingertip_reward,0.00016339152
bottle_vel_reward,goal_pos_reward,0.000163376
penalty_drop_object,success_object_reward,0.00016333626
success_reward,door_open_vel_reward,0.00016332627
cap_progress_reward,hand_dist_reward,0.00016317998
manipulation_reward,place_reward,0.00016314314
catch_reward,handover_reward,0.00016291483
orientation_penalty,penalty_object,0.0001628453
success_bonus,release_reward,0.0001626449
force_reward,cap_goal_reward,0.00016260547
height_reward,task_completion_bonus,0.00016254939
bottle_hold_reward,dist_reward,0.00016242926
fingertip_another_object_reward,vel_reward,0.00016241227
sparse_reward,bottle_vel_reward,0.0001622764
cap_progress_reward,success_bonus,0.00016214125
cap_orientation_reward,release_reward,0.0001620946
place_reward,orientation_reward,0.00016209275
catch_reward,door_move_reward,0.00016198527
completion_bouns,vel_penalty,0.00016197891
finger_distance_reward,progress_reward,0.00016193479
stability_penalty,fingertip_object_reward,0.00016171578
force_reward,vel_penalty,0.00016147371
success_object_another_reward,time_penalty,0.00016146651
task_reward,force_reward,0.00016145218
task_completion_bonus,task_completion_reward,0.00016136088
rotation_penalty,fingertip_reward,0.00016131654
finger_distance_reward,hand_dist_reward,0.00016104139
cap_progress_reward,hand_reward,0.00016102835
hand_reward,pos_reward,0.0001608281
distance_object_another_reward,release_reward,0.00016081588
cap_orientation_reward,door_move_reward,0.0001607381
completion_bouns,door_open_vel_reward,0.00016062414
high_penalty,penalty,0.00016061643
bottle_vel_reward,height_reward,0.00016059476
distance_object_reward,finger_grasp_reward,0.00016048353
rotation_penalty,dist_reward,0.00016044773
episode_length_penalty,goal_reward,0.0001602392
pos_reward,lift_reward,0.00015998314
high_penalty,fingertip_reward,0.0001598907
cap_grasp_reward,cap_progress_reward,0.00015988034
door_move_reward,transfer_reward,0.00015985004
distance_object_another_reward,door_reward,0.00015949522
ang_vel_reward,alignment_reward,0.00015946469
alignment_reward,vel_object_reward,0.000159444
alignment_reward,vel_object_another_reward,0.00015944282
grasp_reward,penalty_object_another,0.00015943096
goal_reward,hand_dist_reward,0.00015927183
rotation_reward,vel_reward,0.00015918344
vel_object_reward,finger_coord_reward,0.0001590937
smooth_reward,goal_pos_reward,0.00015908745
vel_reward,sparse_reward,0.00015902462
door_reward,door_open_vel_reward,0.00015891345
finger_contact_reward,door_open_vel_reward,0.00015874596
catch_reward,orientation_penalty,0.000158612
cap_height_reward,fingertip_reward,0.00015860086
task_penalty,hand_balance_reward,0.00015858523
success_bonus,high_penalty,0.00015855912
object_pos_reward,finger_grasp_reward,0.00015848545
pos_reward,ang_vel_reward,0.0001584406
success_reward,object_to_goal_reward,0.00015842145
finger_contact_reward,orientation_penalty,0.00015834815
time_penalty,sparse_reward,0.00015831208
throw_bonus,orientation_penalty,0.00015817101
bottle_hold_reward,movement_reward,0.00015814706
distance_object_reward,success_bonus,0.0001581172
right_hand_reward,force_reward,0.00015807738
door_open_reward,orientation_penalty,0.00015796114
success_object_reward,lift_reward,0.00015776686
dist_reward,door_move_reward,0.0001577574
finger_distance_reward,task_penalty,0.00015767268
simultaneity_reward,orientation_penalty,0.00015760607
orientation_reward,hand_dist_reward,0.0001573669
goal_pos_reward,finger_coord_reward,0.00015733615
finger_coord_reward,vel_reward,0.00015727924
sparse_reward,hand_to_object_reward,0.00015717554
goal_pos_reward,task_completion_bonus,0.00015717342
success_object_another_reward,cap_height_reward,0.00015710364
success_object_another_reward,penalty_object,0.00015709578
task_penalty,alignment_reward,0.00015704015
rotation_reward,hand_reward,0.00015691831
hand_switch_bonus,cap_height_reward,0.00015679786
cap_grasp_reward,door_open_vel_reward,0.00015676531
door_move_reward,hand_to_object_reward,0.00015670207
success_reward,vel_object_another_reward,0.00015663261
success_reward,vel_object_reward,0.00015663
hand_dist_reward,orientation_penalty,0.000156602
distance_object_reward,transfer_reward,0.00015639143
cap_opening_reward,cap_distance_reward,0.0001563687
goal_pos_reward,progress_reward,0.00015628213
fingertip_object_reward,alignment_reward,0.00015617823
cap_goal_reward,stability_penalty,0.0001560102
throw_reward,finger_reward,0.00015594046
finger_distance_reward,direction_reward,0.00015587237
vel_reward,cap_opening_reward,0.00015566793
catch_reward,hand_to_object_reward,0.00015559411
completion_bouns,stability_reward,0.00015550043
simultaneous_success,bottle_hold_reward,0.00015540876
cap_distance_reward,success_reward,0.00015536677
high_penalty,place_reward,0.00015533935
object_pos_reward,placement_reward,0.00015532694
transfer_reward,hand_switch_bonus,0.00015517212
direction_reward,rotation_penalty,0.0001550953
orientation_penalty,smooth_reward,0.00015506975
task_penalty,throw_bonus,0.00015498577
hand_balance_reward,grasp_reward,0.00015483903
stability_reward,release_reward,0.00015476006
time_penalty,vel_penalty,0.00015456036
cap_grasp_reward,orientation_reward,0.00015455268
vel_penalty,time_penalty,0.00015449943
penalty_object,direction_reward,0.00015446961
episode_length_penalty,hand_balance_reward,0.00015418544
vel_object_another_reward,object_pos_reward,0.00015405091
ang_vel_penalty,finger_reward,0.00015400673
grasp_reward,lift_reward,0.00015386958
catch_reward,smooth_reward,0.00015384924
orientation_penalty,dist_reward,0.00015379439
release_reward,progress_reward,0.00015377312
hand_to_object_reward,task_completion_reward,0.00015358867
lift_reward,force_reward,0.0001534253
simultaneity_reward,hand_reward,0.00015318133
throw_reward,penalty_object,0.00015309024
door_open_reward,contact_reward,0.00015300314
distance_object_another_reward,vel_object_reward,0.00015285984
distance_object_another_reward,vel_object_another_reward,0.00015285984
place_reward,door_open_vel_reward,0.00015285428
throw_reward,alignment_reward,0.00015283655
vel_penalty,direction_reward,0.00015275444
completion_bouns,orientation_penalty,0.00015265273
throw_reward,cap_goal_reward,0.00015242789
distance_object_another_reward,finger_grasp_reward,0.00015233427
cap_grasp_reward,fingertip_reward,0.00015225772
sparse_reward,reach_reward,0.00015220449
time_penalty,score,0.00015207408
bottle_vel_reward,dist_reward,0.0001520421
ang_vel_penalty,goal_reward,0.00015197435
orientation_reward,throw_reward,0.0001519232
stability_penalty,success_object_another_reward,0.00015181626
contact_reward,hand_switch_bonus,0.0001517379
door_reward,time_penalty,0.00015166691
vel_object_reward,separation_reward,0.00015155166
bottle_vel_reward,task_completion_reward,0.00015139571
success_reward,success_object_another_reward,0.00015131736
bottle_vel_reward,success_reward,0.00015121397
handover_reward,finger_contact_reward,0.00015121029
success_object_reward,simultaneous_success,0.00015082622
pos_reward,door_open_vel_reward,0.0001506926
cap_distance_reward,throw_reward,0.00015069013
throw_reward,cap_distance_reward,0.00015066529
door_open_reward,bottle_hold_reward,0.00015058636
fingertip_another_object_reward,simultaneity_reward,0.00015054394
rotation_reward,bottle_vel_reward,0.0001504886
hand_dist_reward,task_reward,0.00015047209
progress_reward,throw_reward,0.00015038702
task_penalty,door_reward,0.00015021408
penalty,success_object_another_reward,0.00015011302
success_object_another_reward,bottle_hold_reward,0.00015008282
ang_vel_reward,pos_reward,0.00015002915
