score,r_alignment_reward,w_alignment_reward,active_alignment_reward,r_bottle_hold_reward,w_bottle_hold_reward,active_bottle_hold_reward,r_bottle_vel_reward,w_bottle_vel_reward,active_bottle_vel_reward,r_cap_distance_reward,w_cap_distance_reward,active_cap_distance_reward,r_cap_goal_reward,w_cap_goal_reward,active_cap_goal_reward,r_cap_grasp_reward,w_cap_grasp_reward,active_cap_grasp_reward,r_cap_height_reward,w_cap_height_reward,active_cap_height_reward,r_cap_opening_reward,w_cap_opening_reward,active_cap_opening_reward,r_cap_orientation_reward,w_cap_orientation_reward,active_cap_orientation_reward,r_cap_progress_reward,w_cap_progress_reward,active_cap_progress_reward,r_cap_up_reward,w_cap_up_reward,active_cap_up_reward,r_finger_coord_reward,w_finger_coord_reward,active_finger_coord_reward,r_finger_distance_reward,w_finger_distance_reward,active_finger_distance_reward,r_finger_grasp_reward,w_finger_grasp_reward,active_finger_grasp_reward,r_finger_reward,w_finger_reward,active_finger_reward,r_goal_pos_reward,w_goal_pos_reward,active_goal_pos_reward,r_goal_rot_reward,w_goal_rot_reward,active_goal_rot_reward,r_hand_dist_reward,w_hand_dist_reward,active_hand_dist_reward,r_left_hand_reward,w_left_hand_reward,active_left_hand_reward,r_lift_reward,w_lift_reward,active_lift_reward,r_right_hand_reward,w_right_hand_reward,active_right_hand_reward,r_rotation_reward,w_rotation_reward,active_rotation_reward,r_separation_reward,w_separation_reward,active_separation_reward,r_stability_penalty,w_stability_penalty,active_stability_penalty,r_stability_reward,w_stability_reward,active_stability_reward,r_success_reward,w_success_reward,active_success_reward,r_vel_penalty,w_vel_penalty,active_vel_penalty,env_id,seed
0.4312,,0,0,,0,0,,0.05,1,,0.5,1,,0,0,,0,0,,0,0,,0,0,,0,0,,0,0,,0.1,1,,0,0,,0,0,,0.1,1,,0,0,,0,0,,0,0,,0.2,1,,0,0,,0,0,,0,0,,0,0,,0,0,,0,0,,0,0,,0,0,,0,0,shadow_hand_bottle_cap,42
0.166,,0,0,,0,0,,0.05,1,,0.5,1,,0,0,,0,0,,0,0,,0,0,,0,0,,0,0,,0.1,1,,0,0,,0,0,,1.0,1,,0,0,,0,0,,0,0,,0.2,1,,0,0,,0,0,,0,0,,0,0,,0,0,,0,0,,0,0,,0,0,,0,0,shadow_hand_bottle_cap,42
0.312,,0,0,,0,0,,0.5,1,,0.5,1,,0,0,,0,0,,0,0,,0,0,,0,0,,0,0,,0.1,1,,0,0,,0,0,,0.1,1,,0,0,,0,0,,0,0,,0.2,1,,0,0,,0,0,,0,0,,0,0,,0,0,,0,0,,0,0,,0,0,,0,0,shadow_hand_bottle_cap,42
0.0244,,0,0,,0,0,,0.5,1,,0.5,1,,0,0,,0,0,,0,0,,0,0,,0,0,,0,0,,0.1,1,,0,0,,0,0,,0.01,1,,0,0,,0,0,,0,0,,0.2,1,,0,0,,0,0,,0,0,,0,0,,0,0,,0,0,,0,0,,0,0,,0,0,shadow_hand_bottle_cap,42
0.2681,,0,0,,0,0,,0.05,1,,0.5,1,,0,0,,0,0,,0,0,,0,0,,0,0,,0,0,,0.1,1,,0,0,,0,0,,0.1,1,,0,0,,0,0,,0,0,,1.0,1,,0,0,,0,0,,0,0,,0,0,,0,0,,0,0,,0,0,,0,0,,0,0,shadow_hand_bottle_cap,42
0.2051,,0,0,,0,0,,0.05,1,,0.5,1,,0,0,,0,0,,0,0,,0,0,,0,0,,0,0,,0.1,1,,0,0,,0,0,,1.0,1,,0,0,,0,0,,0,0,,1.0,1,,0,0,,0,0,,0,0,,0,0,,0,0,,0,0,,0,0,,0,0,,0,0,shadow_hand_bottle_cap,42
0.0312,,0,0,,0,0,,1.0,1,,0.5,1,,0,0,,0,0,,0,0,,0,0,,0,0,,0,0,,0.1,1,,0,0,,0,0,,0.1,1,,0,0,,0,0,,0,0,,1.0,1,,0,0,,0,0,,0,0,,0,0,,0,0,,0,0,,0,0,,0,0,,0,0,shadow_hand_bottle_cap,42
0.5532,,0,0,,0,0,,1.0,1,,0.5,1,,0,0,,0,0,,0,0,,0,0,,0,0,,0,0,,0.1,1,,0,0,,0,0,,0.01,1,,0,0,,0,0,,0,0,,1.0,1,,0,0,,0,0,,0,0,,0,0,,0,0,,0,0,,0,0,,0,0,,0,0,shadow_hand_bottle_cap,42
0.207,,0,0,,0,0,,0.05,1,,1.0,1,,0,0,,0,0,,0,0,,0,0,,0,0,,0,0,,0.1,1,,0,0,,0,0,,0.1,1,,0,0,,0,0,,0,0,,0.2,1,,0,0,,0,0,,0,0,,0,0,,0,0,,0,0,,0,0,,0,0,,0,0,shadow_hand_bottle_cap,42
0.0347,,0,0,,0,0,,0.05,1,,1.0,1,,0,0,,0,0,,0,0,,0,0,,0,0,,0,0,,0.1,1,,0,0,,0,0,,1.0,1,,0,0,,0,0,,0,0,,0.2,1,,0,0,,0,0,,0,0,,0,0,,0,0,,0,0,,0,0,,0,0,,0,0,shadow_hand_bottle_cap,42
0.1025,,0,0,,0,0,,0.5,1,,1.0,1,,0,0,,0,0,,0,0,,0,0,,0,0,,0,0,,0.1,1,,0,0,,0,0,,0.1,1,,0,0,,0,0,,0,0,,0.2,1,,0,0,,0,0,,0,0,,0,0,,0,0,,0,0,,0,0,,0,0,,0,0,shadow_hand_bottle_cap,42
0.229,,0,0,,0,0,,0.5,1,,1.0,1,,0,0,,0,0,,0,0,,0,0,,0,0,,0,0,,0.1,1,,0,0,,0,0,,0.01,1,,0,0,,0,0,,0,0,,0.2,1,,0,0,,0,0,,0,0,,0,0,,0,0,,0,0,,0,0,,0,0,,0,0,shadow_hand_bottle_cap,42
0.027,,0,0,,0,0,,0.05,1,,0.1,1,,0,0,,0,0,,0,0,,0,0,,0,0,,0,0,,0.1,1,,0,0,,0,0,,0.1,1,,0,0,,0,0,,0,0,,5.0,1,,0,0,,0,0,,0,0,,0,0,,0,0,,0,0,,0,0,,0,0,,0,0,shadow_hand_bottle_cap,42
0.1865,,0,0,,0,0,,0.05,1,,0.1,1,,0,0,,0,0,,0,0,,0,0,,0,0,,0,0,,0.1,1,,0,0,,0,0,,1.0,1,,0,0,,0,0,,0,0,,5.0,1,,0,0,,0,0,,0,0,,0,0,,0,0,,0,0,,0,0,,0,0,,0,0,shadow_hand_bottle_cap,42
0.1475,,0,0,,0,0,,1.0,1,,0.1,1,,0,0,,0,0,,0,0,,0,0,,0,0,,0,0,,0.1,1,,0,0,,0,0,,0.1,1,,0,0,,0,0,,0,0,,5.0,1,,0,0,,0,0,,0,0,,0,0,,0,0,,0,0,,0,0,,0,0,,0,0,shadow_hand_bottle_cap,42
0.1733,,0,0,,0,0,,1.0,1,,0.1,1,,0,0,,0,0,,0,0,,0,0,,0,0,,0,0,,0.1,1,,0,0,,0,0,,0.01,1,,0,0,,0,0,,0,0,,5.0,1,,0,0,,0,0,,0,0,,0,0,,0,0,,0,0,,0,0,,0,0,,0,0,shadow_hand_bottle_cap,42
0.29,,0,0,,0,0,,0.05,1,,0.5,1,,0,0,,0,0,,0,0,,0,0,,0,0,,0,0,,1.0,1,,0,0,,0,0,,0.1,1,,0,0,,0,0,,0,0,,0.2,1,,0,0,,0,0,,0,0,,0,0,,0,0,,0,0,,0,0,,0,0,,0,0,shadow_hand_bottle_cap,42
0.2979,,0,0,,0,0,,0.05,1,,0.5,1,,0,0,,0,0,,0,0,,0,0,,0,0,,0,0,,1.0,1,,0,0,,0,0,,1.0,1,,0,0,,0,0,,0,0,,0.2,1,,0,0,,0,0,,0,0,,0,0,,0,0,,0,0,,0,0,,0,0,,0,0,shadow_hand_bottle_cap,42
0.0479,,0,0,,0,0,,0.5,1,,0.5,1,,0,0,,0,0,,0,0,,0,0,,0,0,,0,0,,1.0,1,,0,0,,0,0,,0.1,1,,0,0,,0,0,,0,0,,0.2,1,,0,0,,0,0,,0,0,,0,0,,0,0,,0,0,,0,0,,0,0,,0,0,shadow_hand_bottle_cap,42
0.1323,,0,0,,0,0,,0.5,1,,0.5,1,,0,0,,0,0,,0,0,,0,0,,0,0,,0,0,,1.0,1,,0,0,,0,0,,0.01,1,,0,0,,0,0,,0,0,,0.2,1,,0,0,,0,0,,0,0,,0,0,,0,0,,0,0,,0,0,,0,0,,0,0,shadow_hand_bottle_cap,42
0.5156,,0,0,,0,0,,0.05,1,,0.5,1,,0,0,,0,0,,0,0,,0,0,,0,0,,0,0,,1.0,1,,0,0,,0,0,,0.1,1,,0,0,,0,0,,0,0,,0.05,1,,0,0,,0,0,,0,0,,0,0,,0,0,,0,0,,0,0,,0,0,,0,0,shadow_hand_bottle_cap,42
0.2539,,0,0,,0,0,,0.05,1,,0.5,1,,0,0,,0,0,,0,0,,0,0,,0,0,,0,0,,1.0,1,,0,0,,0,0,,1.0,1,,0,0,,0,0,,0,0,,0.05,1,,0,0,,0,0,,0,0,,0,0,,0,0,,0,0,,0,0,,0,0,,0,0,shadow_hand_bottle_cap,42
0.2046,,0,0,,0,0,,1.0,1,,0.5,1,,0,0,,0,0,,0,0,,0,0,,0,0,,0,0,,1.0,1,,0,0,,0,0,,0.1,1,,0,0,,0,0,,0,0,,0.05,1,,0,0,,0,0,,0,0,,0,0,,0,0,,0,0,,0,0,,0,0,,0,0,shadow_hand_bottle_cap,42
0.1689,,0,0,,0,0,,1.0,1,,0.5,1,,0,0,,0,0,,0,0,,0,0,,0,0,,0,0,,1.0,1,,0,0,,0,0,,0.01,1,,0,0,,0,0,,0,0,,0.05,1,,0,0,,0,0,,0,0,,0,0,,0,0,,0,0,,0,0,,0,0,,0,0,shadow_hand_bottle_cap,42
0.1328,,0,0,,0,0,,0.5,1,,1.0,1,,0,0,,0,0,,0,0,,0,0,,0,0,,0,0,,5.0,1,,0,0,,0,0,,0.1,1,,0,0,,0,0,,0,0,,0.2,1,,0,0,,0,0,,0,0,,0,0,,0,0,,0,0,,0,0,,0,0,,0,0,shadow_hand_bottle_cap,42
0.1084,,0,0,,0,0,,0.5,1,,1.0,1,,0,0,,0,0,,0,0,,0,0,,0,0,,0,0,,5.0,1,,0,0,,0,0,,0.01,1,,0,0,,0,0,,0,0,,0.2,1,,0,0,,0,0,,0,0,,0,0,,0,0,,0,0,,0,0,,0,0,,0,0,shadow_hand_bottle_cap,42
0.1406,,0,0,,0,0,,0.05,1,,0.1,1,,0,0,,0,0,,0,0,,0,0,,0,0,,0,0,,5.0,1,,0,0,,0,0,,0.1,1,,0,0,,0,0,,0,0,,1.0,1,,0,0,,0,0,,0,0,,0,0,,0,0,,0,0,,0,0,,0,0,,0,0,shadow_hand_bottle_cap,42
0.1021,,0,0,,0,0,,1.0,1,,0.1,1,,0,0,,0,0,,0,0,,0,0,,0,0,,0,0,,5.0,1,,0,0,,0,0,,0.1,1,,0,0,,0,0,,0,0,,1.0,1,,0,0,,0,0,,0,0,,0,0,,0,0,,0,0,,0,0,,0,0,,0,0,shadow_hand_bottle_cap,42
0.0645,,0,0,,0,0,,1.0,1,,0.1,1,,0,0,,0,0,,0,0,,0,0,,0,0,,0,0,,5.0,1,,0,0,,0,0,,0.01,1,,0,0,,0,0,,0,0,,1.0,1,,0,0,,0,0,,0,0,,0,0,,0,0,,0,0,,0,0,,0,0,,0,0,shadow_hand_bottle_cap,42
0.083,,0,0,,0,0,,0,0,,0.3,1,,0,0,,0,0,,0,0,,0,0,,1.0,1,,0,0,,0,0,,0,0,,0.1,1,,0,0,,0,0,,0,0,,0,0,,0,0,,0.2,1,,0,0,,0.2,1,,0,0,,0,0,,0,0,,0,0,,0,0,,0,0,shadow_hand_bottle_cap,42
0.0962,,0,0,,0,0,,0,0,,0.3,1,,0,0,,0,0,,0,0,,0,0,,1.0,1,,0,0,,0,0,,0,0,,0.01,1,,0,0,,0,0,,0,0,,0,0,,0,0,,0.2,1,,0,0,,0.2,1,,0,0,,0,0,,0,0,,0,0,,0,0,,0,0,shadow_hand_bottle_cap,42
0.1523,,0,0,,0,0,,0,0,,0.3,1,,0,0,,0,0,,0,0,,0,0,,0.2,1,,0,0,,0,0,,0,0,,0.1,1,,0,0,,0,0,,0,0,,0,0,,0,0,,0.2,1,,0,0,,1.0,1,,0,0,,0,0,,0,0,,0,0,,0,0,,0,0,shadow_hand_bottle_cap,42
0.0605,,0,0,,0,0,,0,0,,0.3,1,,0,0,,0,0,,0,0,,0,0,,0.2,1,,0,0,,0,0,,0,0,,1.0,1,,0,0,,0,0,,0,0,,0,0,,0,0,,0.2,1,,0,0,,1.0,1,,0,0,,0,0,,0,0,,0,0,,0,0,,0,0,shadow_hand_bottle_cap,42
0.0771,,0,0,,0,0,,0,0,,0.3,1,,0,0,,0,0,,0,0,,0,0,,1.0,1,,0,0,,0,0,,0,0,,0.1,1,,0,0,,0,0,,0,0,,0,0,,0,0,,0.2,1,,0,0,,1.0,1,,0,0,,0,0,,0,0,,0,0,,0,0,,0,0,shadow_hand_bottle_cap,42
0.146,,0,0,,0,0,,0,0,,0.3,1,,0,0,,0,0,,0,0,,0,0,,1.0,1,,0,0,,0,0,,0,0,,0.01,1,,0,0,,0,0,,0,0,,0,0,,0,0,,0.2,1,,0,0,,1.0,1,,0,0,,0,0,,0,0,,0,0,,0,0,,0,0,shadow_hand_bottle_cap,42
0.1021,,0,0,,0,0,,0,0,,0.3,1,,0,0,,0,0,,0,0,,0,0,,0.2,1,,0,0,,0,0,,0,0,,1.0,1,,0,0,,0,0,,0,0,,0,0,,0,0,,1.0,1,,0,0,,0.2,1,,0,0,,0,0,,0,0,,0,0,,0,0,,0,0,shadow_hand_bottle_cap,42
0.0942,,0,0,,0,0,,0,0,,0.3,1,,0,0,,0,0,,0,0,,0,0,,1.0,1,,0,0,,0,0,,0,0,,0.1,1,,0,0,,0,0,,0,0,,0,0,,0,0,,1.0,1,,0,0,,0.2,1,,0,0,,0,0,,0,0,,0,0,,0,0,,0,0,shadow_hand_bottle_cap,42
0.1455,,0,0,,0,0,,0,0,,0.3,1,,0,0,,0,0,,0,0,,0,0,,0.2,1,,0,0,,0,0,,0,0,,0.1,1,,0,0,,0,0,,0,0,,0,0,,0,0,,1.0,1,,0,0,,1.0,1,,0,0,,0,0,,0,0,,0,0,,0,0,,0,0,shadow_hand_bottle_cap,42
0.106,,0,0,,0,0,,0,0,,0.3,1,,0,0,,0,0,,0,0,,0,0,,0.2,1,,0,0,,0,0,,0,0,,1.0,1,,0,0,,0,0,,0,0,,0,0,,0,0,,1.0,1,,0,0,,1.0,1,,0,0,,0,0,,0,0,,0,0,,0,0,,0,0,shadow_hand_bottle_cap,42
0.0249,,0,0,,0,0,,0,0,,0.3,1,,0,0,,0,0,,0,0,,0,0,,1.0,1,,0,0,,0,0,,0,0,,0.1,1,,0,0,,0,0,,0,0,,0,0,,0,0,,1.0,1,,0,0,,1.0,1,,0,0,,0,0,,0,0,,0,0,,0,0,,0,0,shadow_hand_bottle_cap,42
0.0615,,0,0,,0,0,,0,0,,0.3,1,,0,0,,0,0,,0,0,,0,0,,1.0,1,,0,0,,0,0,,0,0,,0.01,1,,0,0,,0,0,,0,0,,0,0,,0,0,,1.0,1,,0,0,,1.0,1,,0,0,,0,0,,0,0,,0,0,,0,0,,0,0,shadow_hand_bottle_cap,42
0.0967,,0,0,,0,0,,0,0,,1.0,1,,0,0,,0,0,,0,0,,0,0,,0.2,1,,0,0,,0,0,,0,0,,0.1,1,,0,0,,0,0,,0,0,,0,0,,0,0,,0.2,1,,0,0,,0.2,1,,0,0,,0,0,,0,0,,0,0,,0,0,,0,0,shadow_hand_bottle_cap,42
0.0928,,0,0,,0,0,,0,0,,1.0,1,,0,0,,0,0,,0,0,,0,0,,1.0,1,,0,0,,0,0,,0,0,,0.1,1,,0,0,,0,0,,0,0,,0,0,,0,0,,0.2,1,,0,0,,0.2,1,,0,0,,0,0,,0,0,,0,0,,0,0,,0,0,shadow_hand_bottle_cap,42
0.2656,,0,0,,0,0,,0,0,,1.0,1,,0,0,,0,0,,0,0,,0,0,,1.0,1,,0,0,,0,0,,0,0,,0.01,1,,0,0,,0,0,,0,0,,0,0,,0,0,,0.2,1,,0,0,,0.2,1,,0,0,,0,0,,0,0,,0,0,,0,0,,0,0,shadow_hand_bottle_cap,42
0.0288,,0,0,,0,0,,0,0,,1.0,1,,0,0,,0,0,,0,0,,0,0,,0.2,1,,0,0,,0,0,,0,0,,0.1,1,,0,0,,0,0,,0,0,,0,0,,0,0,,0.2,1,,0,0,,1.0,1,,0,0,,0,0,,0,0,,0,0,,0,0,,0,0,shadow_hand_bottle_cap,42
0.0356,,0,0,,0,0,,0,0,,1.0,1,,0,0,,0,0,,0,0,,0,0,,1.0,1,,0,0,,0,0,,0,0,,0.1,1,,0,0,,0,0,,0,0,,0,0,,0,0,,0.2,1,,0,0,,1.0,1,,0,0,,0,0,,0,0,,0,0,,0,0,,0,0,shadow_hand_bottle_cap,42
0.0625,,0,0,,0,0,,0,0,,1.0,1,,0,0,,0,0,,0,0,,0,0,,1.0,1,,0,0,,0,0,,0,0,,0.01,1,,0,0,,0,0,,0,0,,0,0,,0,0,,0.2,1,,0,0,,1.0,1,,0,0,,0,0,,0,0,,0,0,,0,0,,0,0,shadow_hand_bottle_cap,42
0.189,,0,0,,0,0,,0,0,,1.0,1,,0,0,,0,0,,0,0,,0,0,,0.2,1,,0,0,,0,0,,0,0,,0.1,1,,0,0,,0,0,,0,0,,0,0,,0,0,,1.0,1,,0,0,,0.2,1,,0,0,,0,0,,0,0,,0,0,,0,0,,0,0,shadow_hand_bottle_cap,42
0.0732,,0,0,,0,0,,0,0,,1.0,1,,0,0,,0,0,,0,0,,0,0,,0.2,1,,0,0,,0,0,,0,0,,1.0,1,,0,0,,0,0,,0,0,,0,0,,0,0,,1.0,1,,0,0,,0.2,1,,0,0,,0,0,,0,0,,0,0,,0,0,,0,0,shadow_hand_bottle_cap,42
0.2583,,0,0,,0,0,,0,0,,1.0,1,,0,0,,0,0,,0,0,,0,0,,1.0,1,,0,0,,0,0,,0,0,,0.1,1,,0,0,,0,0,,0,0,,0,0,,0,0,,1.0,1,,0,0,,0.2,1,,0,0,,0,0,,0,0,,0,0,,0,0,,0,0,shadow_hand_bottle_cap,42
0.1528,,0,0,,0,0,,0,0,,1.0,1,,0,0,,0,0,,0,0,,0,0,,1.0,1,,0,0,,0,0,,0,0,,0.001,1,,0,0,,0,0,,0,0,,0,0,,0,0,,1.0,1,,0,0,,0.2,1,,0,0,,0,0,,0,0,,0,0,,0,0,,0,0,shadow_hand_bottle_cap,42
0.1123,,0,0,,0,0,,0,0,,1.0,1,,0,0,,0,0,,0,0,,0,0,,0.2,1,,0,0,,0,0,,0,0,,0.1,1,,0,0,,0,0,,0,0,,0,0,,0,0,,1.0,1,,0,0,,1.0,1,,0,0,,0,0,,0,0,,0,0,,0,0,,0,0,shadow_hand_bottle_cap,42
0.0923,,0,0,,0,0,,0,0,,1.0,1,,0,0,,0,0,,0,0,,0,0,,0.2,1,,0,0,,0,0,,0,0,,1.0,1,,0,0,,0,0,,0,0,,0,0,,0,0,,1.0,1,,0,0,,1.0,1,,0,0,,0,0,,0,0,,0,0,,0,0,,0,0,shadow_hand_bottle_cap,42
0.0537,,0,0,,0,0,,0,0,,1.0,1,,0,0,,0,0,,0,0,,0,0,,1.0,1,,0,0,,0,0,,0,0,,0.01,1,,0,0,,0,0,,0,0,,0,0,,0,0,,1.0,1,,0,0,,1.0,1,,0,0,,0,0,,0,0,,0,0,,0,0,,0,0,shadow_hand_bottle_cap,42
0.5371,,1.0,1,,0,0,,0,0,,1.0,1,,0,0,,0,0,,0,0,,0,0,,0,0,,0,0,,0,0,,0,0,,0,0,,0,0,,1.0,1,,0,0,,0,0,,0,0,,1.0,1,,0,0,,0,0,,0,0,,0,0,,0,0,,0,0,,0,0,,0.1,1,shadow_hand_bottle_cap,42
0.1289,,5.0,1,,0,0,,0,0,,1.0,1,,0,0,,0,0,,0,0,,0,0,,0,0,,0,0,,0,0,,0,0,,0,0,,0,0,,1.0,1,,0,0,,0,0,,0,0,,1.0,1,,0,0,,0,0,,0,0,,0,0,,0,0,,0,0,,0,0,,0.1,1,shadow_hand_bottle_cap,42
0.1025,,1.0,1,,0,0,,0,0,,1.0,1,,0,0,,0,0,,0,0,,0,0,,0,0,,0,0,,0,0,,0,0,,0,0,,0,0,,1.0,1,,0,0,,0,0,,0,0,,1.0,1,,0,0,,0,0,,0,0,,0,0,,0,0,,0,0,,0,0,,1.0,1,shadow_hand_bottle_cap,42
0.7329,,5.0,1,,0,0,,0,0,,1.0,1,,0,0,,0,0,,0,0,,0,0,,0,0,,0,0,,0,0,,0,0,,0,0,,0,0,,1.0,1,,0,0,,0,0,,0,0,,1.0,1,,0,0,,0,0,,0,0,,0,0,,0,0,,0,0,,0,0,,1.0,1,shadow_hand_bottle_cap,42
0.3501,,1.0,1,,0,0,,0,0,,1.0,1,,0,0,,0,0,,0,0,,0,0,,0,0,,0,0,,0,0,,0,0,,0,0,,0,0,,5.0,1,,0,0,,0,0,,0,0,,1.0,1,,0,0,,0,0,,0,0,,0,0,,0,0,,0,0,,0,0,,0.1,1,shadow_hand_bottle_cap,42
0.1816,,5.0,1,,0,0,,0,0,,1.0,1,,0,0,,0,0,,0,0,,0,0,,0,0,,0,0,,0,0,,0,0,,0,0,,0,0,,5.0,1,,0,0,,0,0,,0,0,,1.0,1,,0,0,,0,0,,0,0,,0,0,,0,0,,0,0,,0,0,,0.1,1,shadow_hand_bottle_cap,42
0.1724,,1.0,1,,0,0,,0,0,,1.0,1,,0,0,,0,0,,0,0,,0,0,,0,0,,0,0,,0,0,,0,0,,0,0,,0,0,,5.0,1,,0,0,,0,0,,0,0,,1.0,1,,0,0,,0,0,,0,0,,0,0,,0,0,,0,0,,0,0,,1.0,1,shadow_hand_bottle_cap,42
0.251,,5.0,1,,0,0,,0,0,,1.0,1,,0,0,,0,0,,0,0,,0,0,,0,0,,0,0,,0,0,,0,0,,0,0,,0,0,,5.0,1,,0,0,,0,0,,0,0,,1.0,1,,0,0,,0,0,,0,0,,0,0,,0,0,,0,0,,0,0,,1.0,1,shadow_hand_bottle_cap,42
0.1982,,1.0,1,,0,0,,0,0,,1.0,1,,0,0,,0,0,,0,0,,0,0,,0,0,,0,0,,0,0,,0,0,,0,0,,0,0,,1.0,1,,0,0,,0,0,,0,0,,5.0,1,,0,0,,0,0,,0,0,,0,0,,0,0,,0,0,,0,0,,0.1,1,shadow_hand_bottle_cap,42
0.1792,,5.0,1,,0,0,,0,0,,1.0,1,,0,0,,0,0,,0,0,,0,0,,0,0,,0,0,,0,0,,0,0,,0,0,,0,0,,1.0,1,,0,0,,0,0,,0,0,,5.0,1,,0,0,,0,0,,0,0,,0,0,,0,0,,0,0,,0,0,,0.1,1,shadow_hand_bottle_cap,42
0.0386,,1.0,1,,0,0,,0,0,,1.0,1,,0,0,,0,0,,0,0,,0,0,,0,0,,0,0,,0,0,,0,0,,0,0,,0,0,,1.0,1,,0,0,,0,0,,0,0,,5.0,1,,0,0,,0,0,,0,0,,0,0,,0,0,,0,0,,0,0,,1.0,1,shadow_hand_bottle_cap,42
0.3965,,5.0,1,,0,0,,0,0,,1.0,1,,0,0,,0,0,,0,0,,0,0,,0,0,,0,0,,0,0,,0,0,,0,0,,0,0,,1.0,1,,0,0,,0,0,,0,0,,5.0,1,,0,0,,0,0,,0,0,,0,0,,0,0,,0,0,,0,0,,1.0,1,shadow_hand_bottle_cap,42
0.1021,,1.0,1,,0,0,,0,0,,1.0,1,,0,0,,0,0,,0,0,,0,0,,0,0,,0,0,,0,0,,0,0,,0,0,,0,0,,2.0,1,,0,0,,0,0,,0,0,,5.0,1,,0,0,,0,0,,0,0,,0,0,,0,0,,0,0,,0,0,,0.1,1,shadow_hand_bottle_cap,42
0.2119,,5.0,1,,0,0,,0,0,,1.0,1,,0,0,,0,0,,0,0,,0,0,,0,0,,0,0,,0,0,,0,0,,0,0,,0,0,,2.0,1,,0,0,,0,0,,0,0,,5.0,1,,0,0,,0,0,,0,0,,0,0,,0,0,,0,0,,0,0,,0.1,1,shadow_hand_bottle_cap,42
0.1753,,1.0,1,,0,0,,0,0,,1.0,1,,0,0,,0,0,,0,0,,0,0,,0,0,,0,0,,0,0,,0,0,,0,0,,0,0,,2.0,1,,0,0,,0,0,,0,0,,5.0,1,,0,0,,0,0,,0,0,,0,0,,0,0,,0,0,,0,0,,5.0,1,shadow_hand_bottle_cap,42
0.4185,,5.0,1,,0,0,,0,0,,1.0,1,,0,0,,0,0,,0,0,,0,0,,0,0,,0,0,,0,0,,0,0,,0,0,,0,0,,2.0,1,,0,0,,0,0,,0,0,,5.0,1,,0,0,,0,0,,0,0,,0,0,,0,0,,0,0,,0,0,,5.0,1,shadow_hand_bottle_cap,42
0.375,,1.0,1,,0,0,,0,0,,5.0,1,,0,0,,0,0,,0,0,,0,0,,0,0,,0,0,,0,0,,0,0,,0,0,,0,0,,1.0,1,,0,0,,0,0,,0,0,,1.0,1,,0,0,,0,0,,0,0,,0,0,,0,0,,0,0,,0,0,,0.1,1,shadow_hand_bottle_cap,42
0.522,,10.0,1,,0,0,,0,0,,5.0,1,,0,0,,0,0,,0,0,,0,0,,0,0,,0,0,,0,0,,0,0,,0,0,,0,0,,1.0,1,,0,0,,0,0,,0,0,,1.0,1,,0,0,,0,0,,0,0,,0,0,,0,0,,0,0,,0,0,,0.1,1,shadow_hand_bottle_cap,42
0.1567,,1.0,1,,0,0,,0,0,,5.0,1,,0,0,,0,0,,0,0,,0,0,,0,0,,0,0,,0,0,,0,0,,0,0,,0,0,,1.0,1,,0,0,,0,0,,0,0,,1.0,1,,0,0,,0,0,,0,0,,0,0,,0,0,,0,0,,0,0,,1.0,1,shadow_hand_bottle_cap,42
0.1167,,10.0,1,,0,0,,0,0,,5.0,1,,0,0,,0,0,,0,0,,0,0,,0,0,,0,0,,0,0,,0,0,,0,0,,0,0,,1.0,1,,0,0,,0,0,,0,0,,1.0,1,,0,0,,0,0,,0,0,,0,0,,0,0,,0,0,,0,0,,1.0,1,shadow_hand_bottle_cap,42
0.208,,1.0,1,,0,0,,0,0,,5.0,1,,0,0,,0,0,,0,0,,0,0,,0,0,,0,0,,0,0,,0,0,,0,0,,0,0,,5.0,1,,0,0,,0,0,,0,0,,1.0,1,,0,0,,0,0,,0,0,,0,0,,0,0,,0,0,,0,0,,0.1,1,shadow_hand_bottle_cap,42
0.1694,,10.0,1,,0,0,,0,0,,5.0,1,,0,0,,0,0,,0,0,,0,0,,0,0,,0,0,,0,0,,0,0,,0,0,,0,0,,5.0,1,,0,0,,0,0,,0,0,,1.0,1,,0,0,,0,0,,0,0,,0,0,,0,0,,0,0,,0,0,,0.1,1,shadow_hand_bottle_cap,42
0.2344,,1.0,1,,0,0,,0,0,,5.0,1,,0,0,,0,0,,0,0,,0,0,,0,0,,0,0,,0,0,,0,0,,0,0,,0,0,,5.0,1,,0,0,,0,0,,0,0,,1.0,1,,0,0,,0,0,,0,0,,0,0,,0,0,,0,0,,0,0,,1.0,1,shadow_hand_bottle_cap,42
0.2549,,10.0,1,,0,0,,0,0,,5.0,1,,0,0,,0,0,,0,0,,0,0,,0,0,,0,0,,0,0,,0,0,,0,0,,0,0,,5.0,1,,0,0,,0,0,,0,0,,1.0,1,,0,0,,0,0,,0,0,,0,0,,0,0,,0,0,,0,0,,1.0,1,shadow_hand_bottle_cap,42
0.1157,,1.0,1,,0,0,,0,0,,10.0,1,,0,0,,0,0,,0,0,,0,0,,0,0,,0,0,,0,0,,0,0,,0,0,,0,0,,1.0,1,,0,0,,0,0,,0,0,,5.0,1,,0,0,,0,0,,0,0,,0,0,,0,0,,0,0,,0,0,,0.1,1,shadow_hand_bottle_cap,42
0.1797,,10.0,1,,0,0,,0,0,,10.0,1,,0,0,,0,0,,0,0,,0,0,,0,0,,0,0,,0,0,,0,0,,0,0,,0,0,,1.0,1,,0,0,,0,0,,0,0,,5.0,1,,0,0,,0,0,,0,0,,0,0,,0,0,,0,0,,0,0,,0.1,1,shadow_hand_bottle_cap,42
0.1362,,1.0,1,,0,0,,0,0,,10.0,1,,0,0,,0,0,,0,0,,0,0,,0,0,,0,0,,0,0,,0,0,,0,0,,0,0,,1.0,1,,0,0,,0,0,,0,0,,5.0,1,,0,0,,0,0,,0,0,,0,0,,0,0,,0,0,,0,0,,1.0,1,shadow_hand_bottle_cap,42
0.1616,,5.0,1,,0,0,,0,0,,10.0,1,,0,0,,0,0,,0,0,,0,0,,0,0,,0,0,,0,0,,0,0,,0,0,,0,0,,1.0,1,,0,0,,0,0,,0,0,,5.0,1,,0,0,,0,0,,0,0,,0,0,,0,0,,0,0,,0,0,,1.0,1,shadow_hand_bottle_cap,42
0.2549,,1.0,1,,0,0,,0,0,,10.0,1,,0,0,,0,0,,0,0,,0,0,,0,0,,0,0,,0,0,,0,0,,0,0,,0,0,,2.0,1,,0,0,,0,0,,0,0,,5.0,1,,0,0,,0,0,,0,0,,0,0,,0,0,,0,0,,0,0,,0.1,1,shadow_hand_bottle_cap,42
0.2109,,5.0,1,,0,0,,0,0,,10.0,1,,0,0,,0,0,,0,0,,0,0,,0,0,,0,0,,0,0,,0,0,,0,0,,0,0,,2.0,1,,0,0,,0,0,,0,0,,5.0,1,,0,0,,0,0,,0,0,,0,0,,0,0,,0,0,,0,0,,0.1,1,shadow_hand_bottle_cap,42
0.3359,,1.0,1,,0,0,,0,0,,10.0,1,,0,0,,0,0,,0,0,,0,0,,0,0,,0,0,,0,0,,0,0,,0,0,,0,0,,2.0,1,,0,0,,0,0,,0,0,,5.0,1,,0,0,,0,0,,0,0,,0,0,,0,0,,0,0,,0,0,,5.0,1,shadow_hand_bottle_cap,42
0.2856,,5.0,1,,0,0,,0,0,,10.0,1,,0,0,,0,0,,0,0,,0,0,,0,0,,0,0,,0,0,,0,0,,0,0,,0,0,,2.0,1,,0,0,,0,0,,0,0,,5.0,1,,0,0,,0,0,,0,0,,0,0,,0,0,,0,0,,0,0,,5.0,1,shadow_hand_bottle_cap,42
0.4849,,0.2,1,,0.2,1,,0,0,,0,0,,0.1,1,,0.3,1,,0,0,,0,0,,0,0,,0.2,1,,0,0,,0,0,,0,0,,0,0,,0,0,,0,0,,0,0,,0,0,,0,0,,0,0,,0,0,,0,0,,0,0,,0,0,,0,0,,0,0,,0,0,shadow_hand_bottle_cap,42
0.2285,,0.2,1,,0.2,1,,0,0,,0,0,,1.0,1,,0.3,1,,0,0,,0,0,,0,0,,0.2,1,,0,0,,0,0,,0,0,,0,0,,0,0,,0,0,,0,0,,0,0,,0,0,,0,0,,0,0,,0,0,,0,0,,0,0,,0,0,,0,0,,0,0,shadow_hand_bottle_cap,42
0.1514,,0.2,1,,0.2,1,,0,0,,0,0,,0.1,1,,0.3,1,,0,0,,0,0,,0,0,,1.0,1,,0,0,,0,0,,0,0,,0,0,,0,0,,0,0,,0,0,,0,0,,0,0,,0,0,,0,0,,0,0,,0,0,,0,0,,0,0,,0,0,,0,0,shadow_hand_bottle_cap,42
0.165,,0.2,1,,0.2,1,,0,0,,0,0,,1.0,1,,0.3,1,,0,0,,0,0,,0,0,,1.0,1,,0,0,,0,0,,0,0,,0,0,,0,0,,0,0,,0,0,,0,0,,0,0,,0,0,,0,0,,0,0,,0,0,,0,0,,0,0,,0,0,,0,0,shadow_hand_bottle_cap,42
0.313,,1.0,1,,0.2,1,,0,0,,0,0,,0.1,1,,0.3,1,,0,0,,0,0,,0,0,,0.2,1,,0,0,,0,0,,0,0,,0,0,,0,0,,0,0,,0,0,,0,0,,0,0,,0,0,,0,0,,0,0,,0,0,,0,0,,0,0,,0,0,,0,0,shadow_hand_bottle_cap,42
0.1953,,1.0,1,,0.2,1,,0,0,,0,0,,1.0,1,,0.3,1,,0,0,,0,0,,0,0,,0.2,1,,0,0,,0,0,,0,0,,0,0,,0,0,,0,0,,0,0,,0,0,,0,0,,0,0,,0,0,,0,0,,0,0,,0,0,,0,0,,0,0,,0,0,shadow_hand_bottle_cap,42
0.1284,,1.0,1,,0.2,1,,0,0,,0,0,,0.1,1,,0.3,1,,0,0,,0,0,,0,0,,1.0,1,,0,0,,0,0,,0,0,,0,0,,0,0,,0,0,,0,0,,0,0,,0,0,,0,0,,0,0,,0,0,,0,0,,0,0,,0,0,,0,0,,0,0,shadow_hand_bottle_cap,42
0.1348,,1.0,1,,0.2,1,,0,0,,0,0,,1.0,1,,0.3,1,,0,0,,0,0,,0,0,,1.0,1,,0,0,,0,0,,0,0,,0,0,,0,0,,0,0,,0,0,,0,0,,0,0,,0,0,,0,0,,0,0,,0,0,,0,0,,0,0,,0,0,,0,0,shadow_hand_bottle_cap,42
0.2529,,0.2,1,,0.2,1,,0,0,,0,0,,0.1,1,,1.0,1,,0,0,,0,0,,0,0,,0.2,1,,0,0,,0,0,,0,0,,0,0,,0,0,,0,0,,0,0,,0,0,,0,0,,0,0,,0,0,,0,0,,0,0,,0,0,,0,0,,0,0,,0,0,shadow_hand_bottle_cap,42
0.2954,,0.2,1,,0.2,1,,0,0,,0,0,,1.0,1,,1.0,1,,0,0,,0,0,,0,0,,0.2,1,,0,0,,0,0,,0,0,,0,0,,0,0,,0,0,,0,0,,0,0,,0,0,,0,0,,0,0,,0,0,,0,0,,0,0,,0,0,,0,0,,0,0,shadow_hand_bottle_cap,42
0.3779,,0.2,1,,0.2,1,,0,0,,0,0,,0.1,1,,1.0,1,,0,0,,0,0,,0,0,,1.0,1,,0,0,,0,0,,0,0,,0,0,,0,0,,0,0,,0,0,,0,0,,0,0,,0,0,,0,0,,0,0,,0,0,,0,0,,0,0,,0,0,,0,0,shadow_hand_bottle_cap,42
0.3628,,0.2,1,,0.2,1,,0,0,,0,0,,1.0,1,,1.0,1,,0,0,,0,0,,0,0,,1.0,1,,0,0,,0,0,,0,0,,0,0,,0,0,,0,0,,0,0,,0,0,,0,0,,0,0,,0,0,,0,0,,0,0,,0,0,,0,0,,0,0,,0,0,shadow_hand_bottle_cap,42
0.2607,,5.0,1,,0.2,1,,0,0,,0,0,,0.1,1,,1.0,1,,0,0,,0,0,,0,0,,0.2,1,,0,0,,0,0,,0,0,,0,0,,0,0,,0,0,,0,0,,0,0,,0,0,,0,0,,0,0,,0,0,,0,0,,0,0,,0,0,,0,0,,0,0,shadow_hand_bottle_cap,42
0.3345,,5.0,1,,0.2,1,,0,0,,0,0,,1.0,1,,1.0,1,,0,0,,0,0,,0,0,,0.2,1,,0,0,,0,0,,0,0,,0,0,,0,0,,0,0,,0,0,,0,0,,0,0,,0,0,,0,0,,0,0,,0,0,,0,0,,0,0,,0,0,,0,0,shadow_hand_bottle_cap,42
0.3296,,5.0,1,,0.2,1,,0,0,,0,0,,0.1,1,,1.0,1,,0,0,,0,0,,0,0,,1.0,1,,0,0,,0,0,,0,0,,0,0,,0,0,,0,0,,0,0,,0,0,,0,0,,0,0,,0,0,,0,0,,0,0,,0,0,,0,0,,0,0,,0,0,shadow_hand_bottle_cap,42
0.1089,,5.0,1,,0.2,1,,0,0,,0,0,,1.0,1,,1.0,1,,0,0,,0,0,,0,0,,1.0,1,,0,0,,0,0,,0,0,,0,0,,0,0,,0,0,,0,0,,0,0,,0,0,,0,0,,0,0,,0,0,,0,0,,0,0,,0,0,,0,0,,0,0,shadow_hand_bottle_cap,42
0.3047,,0.2,1,,1.0,1,,0,0,,0,0,,0.1,1,,0.3,1,,0,0,,0,0,,0,0,,0.2,1,,0,0,,0,0,,0,0,,0,0,,0,0,,0,0,,0,0,,0,0,,0,0,,0,0,,0,0,,0,0,,0,0,,0,0,,0,0,,0,0,,0,0,shadow_hand_bottle_cap,42
0.2256,,0.2,1,,1.0,1,,0,0,,0,0,,1.0,1,,0.3,1,,0,0,,0,0,,0,0,,0.2,1,,0,0,,0,0,,0,0,,0,0,,0,0,,0,0,,0,0,,0,0,,0,0,,0,0,,0,0,,0,0,,0,0,,0,0,,0,0,,0,0,,0,0,shadow_hand_bottle_cap,42
0.1685,,0.2,1,,1.0,1,,0,0,,0,0,,0.1,1,,0.3,1,,0,0,,0,0,,0,0,,5.0,1,,0,0,,0,0,,0,0,,0,0,,0,0,,0,0,,0,0,,0,0,,0,0,,0,0,,0,0,,0,0,,0,0,,0,0,,0,0,,0,0,,0,0,shadow_hand_bottle_cap,42
0.1548,,0.2,1,,1.0,1,,0,0,,0,0,,1.0,1,,0.3,1,,0,0,,0,0,,0,0,,5.0,1,,0,0,,0,0,,0,0,,0,0,,0,0,,0,0,,0,0,,0,0,,0,0,,0,0,,0,0,,0,0,,0,0,,0,0,,0,0,,0,0,,0,0,shadow_hand_bottle_cap,42
0.1064,,1.0,1,,1.0,1,,0,0,,0,0,,0.1,1,,0.3,1,,0,0,,0,0,,0,0,,0.2,1,,0,0,,0,0,,0,0,,0,0,,0,0,,0,0,,0,0,,0,0,,0,0,,0,0,,0,0,,0,0,,0,0,,0,0,,0,0,,0,0,,0,0,shadow_hand_bottle_cap,42
0.2812,,1.0,1,,1.0,1,,0,0,,0,0,,1.0,1,,0.3,1,,0,0,,0,0,,0,0,,0.2,1,,0,0,,0,0,,0,0,,0,0,,0,0,,0,0,,0,0,,0,0,,0,0,,0,0,,0,0,,0,0,,0,0,,0,0,,0,0,,0,0,,0,0,shadow_hand_bottle_cap,42
0.2759,,1.0,1,,1.0,1,,0,0,,0,0,,0.1,1,,0.3,1,,0,0,,0,0,,0,0,,5.0,1,,0,0,,0,0,,0,0,,0,0,,0,0,,0,0,,0,0,,0,0,,0,0,,0,0,,0,0,,0,0,,0,0,,0,0,,0,0,,0,0,,0,0,shadow_hand_bottle_cap,42
0.1787,,1.0,1,,1.0,1,,0,0,,0,0,,1.0,1,,0.3,1,,0,0,,0,0,,0,0,,5.0,1,,0,0,,0,0,,0,0,,0,0,,0,0,,0,0,,0,0,,0,0,,0,0,,0,0,,0,0,,0,0,,0,0,,0,0,,0,0,,0,0,,0,0,shadow_hand_bottle_cap,42
0.4336,,0.2,1,,5.0,1,,0,0,,0,0,,0.1,1,,5.0,1,,0,0,,0,0,,0,0,,0.2,1,,0,0,,0,0,,0,0,,0,0,,0,0,,0,0,,0,0,,0,0,,0,0,,0,0,,0,0,,0,0,,0,0,,0,0,,0,0,,0,0,,0,0,shadow_hand_bottle_cap,42
0.3013,,0.2,1,,5.0,1,,0,0,,0,0,,5.0,1,,5.0,1,,0,0,,0,0,,0,0,,0.2,1,,0,0,,0,0,,0,0,,0,0,,0,0,,0,0,,0,0,,0,0,,0,0,,0,0,,0,0,,0,0,,0,0,,0,0,,0,0,,0,0,,0,0,shadow_hand_bottle_cap,42
0.3145,,0.2,1,,5.0,1,,0,0,,0,0,,0.1,1,,5.0,1,,0,0,,0,0,,0,0,,1.0,1,,0,0,,0,0,,0,0,,0,0,,0,0,,0,0,,0,0,,0,0,,0,0,,0,0,,0,0,,0,0,,0,0,,0,0,,0,0,,0,0,,0,0,shadow_hand_bottle_cap,42
0.3496,,0.2,1,,5.0,1,,0,0,,0,0,,5.0,1,,5.0,1,,0,0,,0,0,,0,0,,1.0,1,,0,0,,0,0,,0,0,,0,0,,0,0,,0,0,,0,0,,0,0,,0,0,,0,0,,0,0,,0,0,,0,0,,0,0,,0,0,,0,0,,0,0,shadow_hand_bottle_cap,42
0.2207,,5.0,1,,5.0,1,,0,0,,0,0,,0.1,1,,1.0,1,,0,0,,0,0,,0,0,,0.2,1,,0,0,,0,0,,0,0,,0,0,,0,0,,0,0,,0,0,,0,0,,0,0,,0,0,,0,0,,0,0,,0,0,,0,0,,0,0,,0,0,,0,0,shadow_hand_bottle_cap,42
0.1353,,5.0,1,,5.0,1,,0,0,,0,0,,5.0,1,,1.0,1,,0,0,,0,0,,0,0,,0.2,1,,0,0,,0,0,,0,0,,0,0,,0,0,,0,0,,0,0,,0,0,,0,0,,0,0,,0,0,,0,0,,0,0,,0,0,,0,0,,0,0,,0,0,shadow_hand_bottle_cap,42
0.2603,,5.0,1,,5.0,1,,0,0,,0,0,,0.1,1,,1.0,1,,0,0,,0,0,,0,0,,1.0,1,,0,0,,0,0,,0,0,,0,0,,0,0,,0,0,,0,0,,0,0,,0,0,,0,0,,0,0,,0,0,,0,0,,0,0,,0,0,,0,0,,0,0,shadow_hand_bottle_cap,42
0.2183,,5.0,1,,5.0,1,,0,0,,0,0,,5.0,1,,1.0,1,,0,0,,0,0,,0,0,,1.0,1,,0,0,,0,0,,0,0,,0,0,,0,0,,0,0,,0,0,,0,0,,0,0,,0,0,,0,0,,0,0,,0,0,,0,0,,0,0,,0,0,,0,0,shadow_hand_bottle_cap,42
0.2349,,0,0,,0.3,1,,0,0,,0,0,,0.3,1,,0.3,1,,0,0,,0,0,,0,0,,0,0,,0,0,,0,0,,0,0,,0,0,,0,0,,0,0,,0,0,,0,0,,0,0,,0,0,,0,0,,0.2,1,,0,0,,0,0,,0.1,1,,0,0,,0,0,shadow_hand_bottle_cap,42
0.0947,,0,0,,0.3,1,,0,0,,0,0,,0.3,1,,0.3,1,,0,0,,0,0,,0,0,,0,0,,0,0,,0,0,,0,0,,0,0,,0,0,,0,0,,0,0,,0,0,,0,0,,0,0,,0,0,,0.2,1,,0,0,,0,0,,1.0,1,,0,0,,0,0,shadow_hand_bottle_cap,42
0.2437,,0,0,,0.3,1,,0,0,,0,0,,1.0,1,,0.3,1,,0,0,,0,0,,0,0,,0,0,,0,0,,0,0,,0,0,,0,0,,0,0,,0,0,,0,0,,0,0,,0,0,,0,0,,0,0,,0.2,1,,0,0,,0,0,,0.1,1,,0,0,,0,0,shadow_hand_bottle_cap,42
0.1802,,0,0,,0.3,1,,0,0,,0,0,,1.0,1,,0.3,1,,0,0,,0,0,,0,0,,0,0,,0,0,,0,0,,0,0,,0,0,,0,0,,0,0,,0,0,,0,0,,0,0,,0,0,,0,0,,0.2,1,,0,0,,0,0,,1.0,1,,0,0,,0,0,shadow_hand_bottle_cap,42
0.1616,,0,0,,0.3,1,,0,0,,0,0,,0.3,1,,0.3,1,,0,0,,0,0,,0,0,,0,0,,0,0,,0,0,,0,0,,0,0,,0,0,,0,0,,0,0,,0,0,,0,0,,0,0,,0,0,,1.0,1,,0,0,,0,0,,0.1,1,,0,0,,0,0,shadow_hand_bottle_cap,42
0.0898,,0,0,,0.3,1,,0,0,,0,0,,0.3,1,,0.3,1,,0,0,,0,0,,0,0,,0,0,,0,0,,0,0,,0,0,,0,0,,0,0,,0,0,,0,0,,0,0,,0,0,,0,0,,0,0,,1.0,1,,0,0,,0,0,,1.0,1,,0,0,,0,0,shadow_hand_bottle_cap,42
0.083,,0,0,,0.3,1,,0,0,,0,0,,1.0,1,,0.3,1,,0,0,,0,0,,0,0,,0,0,,0,0,,0,0,,0,0,,0,0,,0,0,,0,0,,0,0,,0,0,,0,0,,0,0,,0,0,,1.0,1,,0,0,,0,0,,0.1,1,,0,0,,0,0,shadow_hand_bottle_cap,42
0.2153,,0,0,,0.3,1,,0,0,,0,0,,1.0,1,,0.3,1,,0,0,,0,0,,0,0,,0,0,,0,0,,0,0,,0,0,,0,0,,0,0,,0,0,,0,0,,0,0,,0,0,,0,0,,0,0,,1.0,1,,0,0,,0,0,,1.0,1,,0,0,,0,0,shadow_hand_bottle_cap,42
0.2949,,0,0,,0.3,1,,0,0,,0,0,,0.3,1,,1.0,1,,0,0,,0,0,,0,0,,0,0,,0,0,,0,0,,0,0,,0,0,,0,0,,0,0,,0,0,,0,0,,0,0,,0,0,,0,0,,0.2,1,,0,0,,0,0,,0.1,1,,0,0,,0,0,shadow_hand_bottle_cap,42
0.4189,,0,0,,0.3,1,,0,0,,0,0,,0.3,1,,1.0,1,,0,0,,0,0,,0,0,,0,0,,0,0,,0,0,,0,0,,0,0,,0,0,,0,0,,0,0,,0,0,,0,0,,0,0,,0,0,,0.2,1,,0,0,,0,0,,1.0,1,,0,0,,0,0,shadow_hand_bottle_cap,42
0.2485,,0,0,,0.3,1,,0,0,,0,0,,2.0,1,,1.0,1,,0,0,,0,0,,0,0,,0,0,,0,0,,0,0,,0,0,,0,0,,0,0,,0,0,,0,0,,0,0,,0,0,,0,0,,0,0,,0.2,1,,0,0,,0,0,,0.1,1,,0,0,,0,0,shadow_hand_bottle_cap,42
0.1729,,0,0,,0.3,1,,0,0,,0,0,,2.0,1,,1.0,1,,0,0,,0,0,,0,0,,0,0,,0,0,,0,0,,0,0,,0,0,,0,0,,0,0,,0,0,,0,0,,0,0,,0,0,,0,0,,0.2,1,,0,0,,0,0,,1.0,1,,0,0,,0,0,shadow_hand_bottle_cap,42
0.4595,,0,0,,0.3,1,,0,0,,0,0,,0.3,1,,1.0,1,,0,0,,0,0,,0,0,,0,0,,0,0,,0,0,,0,0,,0,0,,0,0,,0,0,,0,0,,0,0,,0,0,,0,0,,0,0,,1.0,1,,0,0,,0,0,,0.1,1,,0,0,,0,0,shadow_hand_bottle_cap,42
0.2207,,0,0,,0.3,1,,0,0,,0,0,,0.3,1,,1.0,1,,0,0,,0,0,,0,0,,0,0,,0,0,,0,0,,0,0,,0,0,,0,0,,0,0,,0,0,,0,0,,0,0,,0,0,,0,0,,1.0,1,,0,0,,0,0,,1.0,1,,0,0,,0,0,shadow_hand_bottle_cap,42
0.2808,,0,0,,0.3,1,,0,0,,0,0,,2.0,1,,1.0,1,,0,0,,0,0,,0,0,,0,0,,0,0,,0,0,,0,0,,0,0,,0,0,,0,0,,0,0,,0,0,,0,0,,0,0,,0,0,,1.0,1,,0,0,,0,0,,0.1,1,,0,0,,0,0,shadow_hand_bottle_cap,42
0.3931,,0,0,,0.3,1,,0,0,,0,0,,2.0,1,,1.0,1,,0,0,,0,0,,0,0,,0,0,,0,0,,0,0,,0,0,,0,0,,0,0,,0,0,,0,0,,0,0,,0,0,,0,0,,0,0,,1.0,1,,0,0,,0,0,,1.0,1,,0,0,,0,0,shadow_hand_bottle_cap,42
0.1396,,0,0,,1.0,1,,0,0,,0,0,,0.3,1,,0.3,1,,0,0,,0,0,,0,0,,0,0,,0,0,,0,0,,0,0,,0,0,,0,0,,0,0,,0,0,,0,0,,0,0,,0,0,,0,0,,0.2,1,,0,0,,0,0,,0.1,1,,0,0,,0,0,shadow_hand_bottle_cap,42
0.2363,,0,0,,1.0,1,,0,0,,0,0,,0.3,1,,0.3,1,,0,0,,0,0,,0,0,,0,0,,0,0,,0,0,,0,0,,0,0,,0,0,,0,0,,0,0,,0,0,,0,0,,0,0,,0,0,,0.2,1,,0,0,,0,0,,5.0,1,,0,0,,0,0,shadow_hand_bottle_cap,42
0.2251,,0,0,,1.0,1,,0,0,,0,0,,1.0,1,,0.3,1,,0,0,,0,0,,0,0,,0,0,,0,0,,0,0,,0,0,,0,0,,0,0,,0,0,,0,0,,0,0,,0,0,,0,0,,0,0,,0.2,1,,0,0,,0,0,,0.1,1,,0,0,,0,0,shadow_hand_bottle_cap,42
0.3662,,0,0,,1.0,1,,0,0,,0,0,,1.0,1,,0.3,1,,0,0,,0,0,,0,0,,0,0,,0,0,,0,0,,0,0,,0,0,,0,0,,0,0,,0,0,,0,0,,0,0,,0,0,,0,0,,0.2,1,,0,0,,0,0,,5.0,1,,0,0,,0,0,shadow_hand_bottle_cap,42
0.103,,0,0,,1.0,1,,0,0,,0,0,,0.3,1,,0.3,1,,0,0,,0,0,,0,0,,0,0,,0,0,,0,0,,0,0,,0,0,,0,0,,0,0,,0,0,,0,0,,0,0,,0,0,,0,0,,2.0,1,,0,0,,0,0,,0.1,1,,0,0,,0,0,shadow_hand_bottle_cap,42
0.249,,0,0,,1.0,1,,0,0,,0,0,,0.3,1,,0.3,1,,0,0,,0,0,,0,0,,0,0,,0,0,,0,0,,0,0,,0,0,,0,0,,0,0,,0,0,,0,0,,0,0,,0,0,,0,0,,2.0,1,,0,0,,0,0,,5.0,1,,0,0,,0,0,shadow_hand_bottle_cap,42
0.124,,0,0,,1.0,1,,0,0,,0,0,,1.0,1,,0.3,1,,0,0,,0,0,,0,0,,0,0,,0,0,,0,0,,0,0,,0,0,,0,0,,0,0,,0,0,,0,0,,0,0,,0,0,,0,0,,2.0,1,,0,0,,0,0,,0.1,1,,0,0,,0,0,shadow_hand_bottle_cap,42
0.1973,,0,0,,1.0,1,,0,0,,0,0,,1.0,1,,0.3,1,,0,0,,0,0,,0,0,,0,0,,0,0,,0,0,,0,0,,0,0,,0,0,,0,0,,0,0,,0,0,,0,0,,0,0,,0,0,,2.0,1,,0,0,,0,0,,5.0,1,,0,0,,0,0,shadow_hand_bottle_cap,42
0.207,,0,0,,1.0,1,,0,0,,0,0,,0.3,1,,2.0,1,,0,0,,0,0,,0,0,,0,0,,0,0,,0,0,,0,0,,0,0,,0,0,,0,0,,0,0,,0,0,,0,0,,0,0,,0,0,,0.2,1,,0,0,,0,0,,0.1,1,,0,0,,0,0,shadow_hand_bottle_cap,42
0.5474,,0,0,,1.0,1,,0,0,,0,0,,0.3,1,,2.0,1,,0,0,,0,0,,0,0,,0,0,,0,0,,0,0,,0,0,,0,0,,0,0,,0,0,,0,0,,0,0,,0,0,,0,0,,0,0,,0.2,1,,0,0,,0,0,,1.0,1,,0,0,,0,0,shadow_hand_bottle_cap,42
0.1797,,0,0,,1.0,1,,0,0,,0,0,,2.0,1,,2.0,1,,0,0,,0,0,,0,0,,0,0,,0,0,,0,0,,0,0,,0,0,,0,0,,0,0,,0,0,,0,0,,0,0,,0,0,,0,0,,0.2,1,,0,0,,0,0,,0.1,1,,0,0,,0,0,shadow_hand_bottle_cap,42
0.2192,,0,0,,1.0,1,,0,0,,0,0,,2.0,1,,2.0,1,,0,0,,0,0,,0,0,,0,0,,0,0,,0,0,,0,0,,0,0,,0,0,,0,0,,0,0,,0,0,,0,0,,0,0,,0,0,,0.2,1,,0,0,,0,0,,1.0,1,,0,0,,0,0,shadow_hand_bottle_cap,42
0.209,,0,0,,1.0,1,,0,0,,0,0,,0.3,1,,2.0,1,,0,0,,0,0,,0,0,,0,0,,0,0,,0,0,,0,0,,0,0,,0,0,,0,0,,0,0,,0,0,,0,0,,0,0,,0,0,,1.0,1,,0,0,,0,0,,0.1,1,,0,0,,0,0,shadow_hand_bottle_cap,42
0.2886,,0,0,,1.0,1,,0,0,,0,0,,0.3,1,,2.0,1,,0,0,,0,0,,0,0,,0,0,,0,0,,0,0,,0,0,,0,0,,0,0,,0,0,,0,0,,0,0,,0,0,,0,0,,0,0,,1.0,1,,0,0,,0,0,,1.0,1,,0,0,,0,0,shadow_hand_bottle_cap,42
0.2168,,0,0,,1.0,1,,0,0,,0,0,,2.0,1,,2.0,1,,0,0,,0,0,,0,0,,0,0,,0,0,,0,0,,0,0,,0,0,,0,0,,0,0,,0,0,,0,0,,0,0,,0,0,,0,0,,1.0,1,,0,0,,0,0,,0.1,1,,0,0,,0,0,shadow_hand_bottle_cap,42
0.248,,0,0,,1.0,1,,0,0,,0,0,,2.0,1,,2.0,1,,0,0,,0,0,,0,0,,0,0,,0,0,,0,0,,0,0,,0,0,,0,0,,0,0,,0,0,,0,0,,0,0,,0,0,,0,0,,1.0,1,,0,0,,0,0,,1.0,1,,0,0,,0,0,shadow_hand_bottle_cap,42
0.2676,,0,0,,0.3,1,,0,0,,0,0,,0,0,,0.3,1,,0.2,1,,0,0,,0,0,,0,0,,0,0,,0,0,,0,0,,0,0,,0,0,,0,0,,0,0,,0,0,,0,0,,0,0,,0,0,,0.5,1,,0,0,,0.1,1,,0,0,,0,0,,0,0,shadow_hand_bottle_cap,42
0.6021,,0,0,,0.3,1,,0,0,,0,0,,0,0,,0.3,1,,0.2,1,,0,0,,0,0,,0,0,,0,0,,0,0,,0,0,,0,0,,0,0,,0,0,,0,0,,0,0,,0,0,,0,0,,0,0,,0.5,1,,0,0,,1.0,1,,0,0,,0,0,,0,0,shadow_hand_bottle_cap,42
0.2617,,0,0,,0.3,1,,0,0,,0,0,,0,0,,0.3,1,,1.0,1,,0,0,,0,0,,0,0,,0,0,,0,0,,0,0,,0,0,,0,0,,0,0,,0,0,,0,0,,0,0,,0,0,,0,0,,0.5,1,,0,0,,0.1,1,,0,0,,0,0,,0,0,shadow_hand_bottle_cap,42
0.1934,,0,0,,0.3,1,,0,0,,0,0,,0,0,,0.3,1,,1.0,1,,0,0,,0,0,,0,0,,0,0,,0,0,,0,0,,0,0,,0,0,,0,0,,0,0,,0,0,,0,0,,0,0,,0,0,,0.5,1,,0,0,,1.0,1,,0,0,,0,0,,0,0,shadow_hand_bottle_cap,42
0.2734,,0,0,,0.3,1,,0,0,,0,0,,0,0,,0.3,1,,0.2,1,,0,0,,0,0,,0,0,,0,0,,0,0,,0,0,,0,0,,0,0,,0,0,,0,0,,0,0,,0,0,,0,0,,0,0,,1.0,1,,0,0,,0.1,1,,0,0,,0,0,,0,0,shadow_hand_bottle_cap,42
0.2744,,0,0,,0.3,1,,0,0,,0,0,,0,0,,0.3,1,,0.2,1,,0,0,,0,0,,0,0,,0,0,,0,0,,0,0,,0,0,,0,0,,0,0,,0,0,,0,0,,0,0,,0,0,,0,0,,1.0,1,,0,0,,1.0,1,,0,0,,0,0,,0,0,shadow_hand_bottle_cap,42
0.2109,,0,0,,0.3,1,,0,0,,0,0,,0,0,,0.3,1,,1.0,1,,0,0,,0,0,,0,0,,0,0,,0,0,,0,0,,0,0,,0,0,,0,0,,0,0,,0,0,,0,0,,0,0,,0,0,,1.0,1,,0,0,,0.1,1,,0,0,,0,0,,0,0,shadow_hand_bottle_cap,42
0.0688,,0,0,,0.3,1,,0,0,,0,0,,0,0,,0.3,1,,1.0,1,,0,0,,0,0,,0,0,,0,0,,0,0,,0,0,,0,0,,0,0,,0,0,,0,0,,0,0,,0,0,,0,0,,0,0,,1.0,1,,0,0,,1.0,1,,0,0,,0,0,,0,0,shadow_hand_bottle_cap,42
0.2935,,0,0,,0.3,1,,0,0,,0,0,,0,0,,1.0,1,,0.2,1,,0,0,,0,0,,0,0,,0,0,,0,0,,0,0,,0,0,,0,0,,0,0,,0,0,,0,0,,0,0,,0,0,,0,0,,0.5,1,,0,0,,0.1,1,,0,0,,0,0,,0,0,shadow_hand_bottle_cap,42
0.4229,,0,0,,0.3,1,,0,0,,0,0,,0,0,,1.0,1,,0.2,1,,0,0,,0,0,,0,0,,0,0,,0,0,,0,0,,0,0,,0,0,,0,0,,0,0,,0,0,,0,0,,0,0,,0,0,,0.5,1,,0,0,,1.0,1,,0,0,,0,0,,0,0,shadow_hand_bottle_cap,42
0.2603,,0,0,,0.3,1,,0,0,,0,0,,0,0,,1.0,1,,1.0,1,,0,0,,0,0,,0,0,,0,0,,0,0,,0,0,,0,0,,0,0,,0,0,,0,0,,0,0,,0,0,,0,0,,0,0,,0.5,1,,0,0,,0.1,1,,0,0,,0,0,,0,0,shadow_hand_bottle_cap,42
0.5239,,0,0,,0.3,1,,0,0,,0,0,,0,0,,1.0,1,,1.0,1,,0,0,,0,0,,0,0,,0,0,,0,0,,0,0,,0,0,,0,0,,0,0,,0,0,,0,0,,0,0,,0,0,,0,0,,0.5,1,,0,0,,1.0,1,,0,0,,0,0,,0,0,shadow_hand_bottle_cap,42
0.2744,,0,0,,0.3,1,,0,0,,0,0,,0,0,,1.0,1,,0.2,1,,0,0,,0,0,,0,0,,0,0,,0,0,,0,0,,0,0,,0,0,,0,0,,0,0,,0,0,,0,0,,0,0,,0,0,,1.0,1,,0,0,,0.1,1,,0,0,,0,0,,0,0,shadow_hand_bottle_cap,42
0.2651,,0,0,,0.3,1,,0,0,,0,0,,0,0,,1.0,1,,0.2,1,,0,0,,0,0,,0,0,,0,0,,0,0,,0,0,,0,0,,0,0,,0,0,,0,0,,0,0,,0,0,,0,0,,0,0,,1.0,1,,0,0,,1.0,1,,0,0,,0,0,,0,0,shadow_hand_bottle_cap,42
0.1772,,0,0,,0.3,1,,0,0,,0,0,,0,0,,1.0,1,,5.0,1,,0,0,,0,0,,0,0,,0,0,,0,0,,0,0,,0,0,,0,0,,0,0,,0,0,,0,0,,0,0,,0,0,,0,0,,1.0,1,,0,0,,0.1,1,,0,0,,0,0,,0,0,shadow_hand_bottle_cap,42
0.2441,,0,0,,0.3,1,,0,0,,0,0,,0,0,,1.0,1,,5.0,1,,0,0,,0,0,,0,0,,0,0,,0,0,,0,0,,0,0,,0,0,,0,0,,0,0,,0,0,,0,0,,0,0,,0,0,,1.0,1,,0,0,,1.0,1,,0,0,,0,0,,0,0,shadow_hand_bottle_cap,42
0.1431,,0,0,,1.0,1,,0,0,,0,0,,0,0,,0.3,1,,0.2,1,,0,0,,0,0,,0,0,,0,0,,0,0,,0,0,,0,0,,0,0,,0,0,,0,0,,0,0,,0,0,,0,0,,0,0,,0.5,1,,0,0,,0.1,1,,0,0,,0,0,,0,0,shadow_hand_bottle_cap,42
0.2417,,0,0,,1.0,1,,0,0,,0,0,,0,0,,0.3,1,,0.2,1,,0,0,,0,0,,0,0,,0,0,,0,0,,0,0,,0,0,,0,0,,0,0,,0,0,,0,0,,0,0,,0,0,,0,0,,0.5,1,,0,0,,1.0,1,,0,0,,0,0,,0,0,shadow_hand_bottle_cap,42
0.333,,0,0,,1.0,1,,0,0,,0,0,,0,0,,0.3,1,,1.0,1,,0,0,,0,0,,0,0,,0,0,,0,0,,0,0,,0,0,,0,0,,0,0,,0,0,,0,0,,0,0,,0,0,,0,0,,0.5,1,,0,0,,0.1,1,,0,0,,0,0,,0,0,shadow_hand_bottle_cap,42
0.3706,,0,0,,1.0,1,,0,0,,0,0,,0,0,,0.3,1,,1.0,1,,0,0,,0,0,,0,0,,0,0,,0,0,,0,0,,0,0,,0,0,,0,0,,0,0,,0,0,,0,0,,0,0,,0,0,,0.5,1,,0,0,,1.0,1,,0,0,,0,0,,0,0,shadow_hand_bottle_cap,42
0.2676,,0,0,,1.0,1,,0,0,,0,0,,0,0,,0.3,1,,0.2,1,,0,0,,0,0,,0,0,,0,0,,0,0,,0,0,,0,0,,0,0,,0,0,,0,0,,0,0,,0,0,,0,0,,0,0,,5.0,1,,0,0,,0.1,1,,0,0,,0,0,,0,0,shadow_hand_bottle_cap,42
0.165,,0,0,,1.0,1,,0,0,,0,0,,0,0,,0.3,1,,0.2,1,,0,0,,0,0,,0,0,,0,0,,0,0,,0,0,,0,0,,0,0,,0,0,,0,0,,0,0,,0,0,,0,0,,0,0,,5.0,1,,0,0,,1.0,1,,0,0,,0,0,,0,0,shadow_hand_bottle_cap,42
0.3081,,0,0,,1.0,1,,0,0,,0,0,,0,0,,0.3,1,,1.0,1,,0,0,,0,0,,0,0,,0,0,,0,0,,0,0,,0,0,,0,0,,0,0,,0,0,,0,0,,0,0,,0,0,,0,0,,5.0,1,,0,0,,0.1,1,,0,0,,0,0,,0,0,shadow_hand_bottle_cap,42
0.0259,,0,0,,1.0,1,,0,0,,0,0,,0,0,,0.3,1,,1.0,1,,0,0,,0,0,,0,0,,0,0,,0,0,,0,0,,0,0,,0,0,,0,0,,0,0,,0,0,,0,0,,0,0,,0,0,,5.0,1,,0,0,,1.0,1,,0,0,,0,0,,0,0,shadow_hand_bottle_cap,42
0.2998,,0,0,,1.0,1,,0,0,,0,0,,0,0,,5.0,1,,0.2,1,,0,0,,0,0,,0,0,,0,0,,0,0,,0,0,,0,0,,0,0,,0,0,,0,0,,0,0,,0,0,,0,0,,0,0,,0.5,1,,0,0,,0.1,1,,0,0,,0,0,,0,0,shadow_hand_bottle_cap,42
0.1831,,0,0,,1.0,1,,0,0,,0,0,,0,0,,5.0,1,,0.2,1,,0,0,,0,0,,0,0,,0,0,,0,0,,0,0,,0,0,,0,0,,0,0,,0,0,,0,0,,0,0,,0,0,,0,0,,0.5,1,,0,0,,1.0,1,,0,0,,0,0,,0,0,shadow_hand_bottle_cap,42
0.3232,,0,0,,1.0,1,,0,0,,0,0,,0,0,,5.0,1,,1.0,1,,0,0,,0,0,,0,0,,0,0,,0,0,,0,0,,0,0,,0,0,,0,0,,0,0,,0,0,,0,0,,0,0,,0,0,,0.5,1,,0,0,,0.1,1,,0,0,,0,0,,0,0,shadow_hand_bottle_cap,42
0.189,,0,0,,1.0,1,,0,0,,0,0,,0,0,,5.0,1,,1.0,1,,0,0,,0,0,,0,0,,0,0,,0,0,,0,0,,0,0,,0,0,,0,0,,0,0,,0,0,,0,0,,0,0,,0,0,,0.5,1,,0,0,,1.0,1,,0,0,,0,0,,0,0,shadow_hand_bottle_cap,42
0.2729,,0,0,,1.0,1,,0,0,,0,0,,0,0,,5.0,1,,0.2,1,,0,0,,0,0,,0,0,,0,0,,0,0,,0,0,,0,0,,0,0,,0,0,,0,0,,0,0,,0,0,,0,0,,0,0,,1.0,1,,0,0,,0.1,1,,0,0,,0,0,,0,0,shadow_hand_bottle_cap,42
0.4155,,0,0,,1.0,1,,0,0,,0,0,,0,0,,5.0,1,,0.2,1,,0,0,,0,0,,0,0,,0,0,,0,0,,0,0,,0,0,,0,0,,0,0,,0,0,,0,0,,0,0,,0,0,,0,0,,1.0,1,,0,0,,1.0,1,,0,0,,0,0,,0,0,shadow_hand_bottle_cap,42
0.2222,,0,0,,1.0,1,,0,0,,0,0,,0,0,,5.0,1,,1.0,1,,0,0,,0,0,,0,0,,0,0,,0,0,,0,0,,0,0,,0,0,,0,0,,0,0,,0,0,,0,0,,0,0,,0,0,,1.0,1,,0,0,,0.1,1,,0,0,,0,0,,0,0,shadow_hand_bottle_cap,42
0.4019,,0,0,,1.0,1,,0,0,,0,0,,0,0,,5.0,1,,1.0,1,,0,0,,0,0,,0,0,,0,0,,0,0,,0,0,,0,0,,0,0,,0,0,,0,0,,0,0,,0,0,,0,0,,0,0,,1.0,1,,0,0,,1.0,1,,0,0,,0,0,,0,0,shadow_hand_bottle_cap,42
0.3154,,0,0,,0.2,1,,0,0,,0,0,,0.3,1,,0.3,1,,0,0,,0,0,,0,0,,0,0,,0,0,,0,0,,0,0,,0,0,,0,0,,0,0,,0,0,,0,0,,0,0,,0,0,,0,0,,0.3,1,,0,0,,0,0,,0,0,,0.5,1,,0,0,shadow_hand_bottle_cap,42
0.3032,,0,0,,0.2,1,,0,0,,0,0,,0.3,1,,0.3,1,,0,0,,0,0,,0,0,,0,0,,0,0,,0,0,,0,0,,0,0,,0,0,,0,0,,0,0,,0,0,,0,0,,0,0,,0,0,,0.3,1,,0,0,,0,0,,0,0,,1.0,1,,0,0,shadow_hand_bottle_cap,42
0.2202,,0,0,,0.2,1,,0,0,,0,0,,1.0,1,,0.3,1,,0,0,,0,0,,0,0,,0,0,,0,0,,0,0,,0,0,,0,0,,0,0,,0,0,,0,0,,0,0,,0,0,,0,0,,0,0,,0.3,1,,0,0,,0,0,,0,0,,0.5,1,,0,0,shadow_hand_bottle_cap,42
0.2808,,0,0,,0.2,1,,0,0,,0,0,,1.0,1,,0.3,1,,0,0,,0,0,,0,0,,0,0,,0,0,,0,0,,0,0,,0,0,,0,0,,0,0,,0,0,,0,0,,0,0,,0,0,,0,0,,0.3,1,,0,0,,0,0,,0,0,,1.0,1,,0,0,shadow_hand_bottle_cap,42
0.374,,0,0,,0.2,1,,0,0,,0,0,,0.3,1,,0.3,1,,0,0,,0,0,,0,0,,0,0,,0,0,,0,0,,0,0,,0,0,,0,0,,0,0,,0,0,,0,0,,0,0,,0,0,,0,0,,1.0,1,,0,0,,0,0,,0,0,,0.5,1,,0,0,shadow_hand_bottle_cap,42
0.2031,,0,0,,0.2,1,,0,0,,0,0,,0.3,1,,0.3,1,,0,0,,0,0,,0,0,,0,0,,0,0,,0,0,,0,0,,0,0,,0,0,,0,0,,0,0,,0,0,,0,0,,0,0,,0,0,,1.0,1,,0,0,,0,0,,0,0,,1.0,1,,0,0,shadow_hand_bottle_cap,42
0.3408,,0,0,,0.2,1,,0,0,,0,0,,1.0,1,,0.3,1,,0,0,,0,0,,0,0,,0,0,,0,0,,0,0,,0,0,,0,0,,0,0,,0,0,,0,0,,0,0,,0,0,,0,0,,0,0,,1.0,1,,0,0,,0,0,,0,0,,0.5,1,,0,0,shadow_hand_bottle_cap,42
0.1025,,0,0,,0.2,1,,0,0,,0,0,,1.0,1,,0.3,1,,0,0,,0,0,,0,0,,0,0,,0,0,,0,0,,0,0,,0,0,,0,0,,0,0,,0,0,,0,0,,0,0,,0,0,,0,0,,1.0,1,,0,0,,0,0,,0,0,,1.0,1,,0,0,shadow_hand_bottle_cap,42
0.25,,0,0,,0.2,1,,0,0,,0,0,,0.3,1,,1.0,1,,0,0,,0,0,,0,0,,0,0,,0,0,,0,0,,0,0,,0,0,,0,0,,0,0,,0,0,,0,0,,0,0,,0,0,,0,0,,0.3,1,,0,0,,0,0,,0,0,,0.5,1,,0,0,shadow_hand_bottle_cap,42
0.1772,,0,0,,0.2,1,,0,0,,0,0,,0.3,1,,1.0,1,,0,0,,0,0,,0,0,,0,0,,0,0,,0,0,,0,0,,0,0,,0,0,,0,0,,0,0,,0,0,,0,0,,0,0,,0,0,,0.3,1,,0,0,,0,0,,0,0,,1.0,1,,0,0,shadow_hand_bottle_cap,42
0.186,,0,0,,0.2,1,,0,0,,0,0,,1.0,1,,1.0,1,,0,0,,0,0,,0,0,,0,0,,0,0,,0,0,,0,0,,0,0,,0,0,,0,0,,0,0,,0,0,,0,0,,0,0,,0,0,,0.3,1,,0,0,,0,0,,0,0,,0.5,1,,0,0,shadow_hand_bottle_cap,42
0.231,,0,0,,0.2,1,,0,0,,0,0,,1.0,1,,1.0,1,,0,0,,0,0,,0,0,,0,0,,0,0,,0,0,,0,0,,0,0,,0,0,,0,0,,0,0,,0,0,,0,0,,0,0,,0,0,,0.3,1,,0,0,,0,0,,0,0,,1.0,1,,0,0,shadow_hand_bottle_cap,42
0.314,,0,0,,0.2,1,,0,0,,0,0,,0.3,1,,1.0,1,,0,0,,0,0,,0,0,,0,0,,0,0,,0,0,,0,0,,0,0,,0,0,,0,0,,0,0,,0,0,,0,0,,0,0,,0,0,,1.0,1,,0,0,,0,0,,0,0,,0.5,1,,0,0,shadow_hand_bottle_cap,42
0.2544,,0,0,,0.2,1,,0,0,,0,0,,0.3,1,,1.0,1,,0,0,,0,0,,0,0,,0,0,,0,0,,0,0,,0,0,,0,0,,0,0,,0,0,,0,0,,0,0,,0,0,,0,0,,0,0,,1.0,1,,0,0,,0,0,,0,0,,1.0,1,,0,0,shadow_hand_bottle_cap,42
0.2446,,0,0,,0.2,1,,0,0,,0,0,,1.0,1,,1.0,1,,0,0,,0,0,,0,0,,0,0,,0,0,,0,0,,0,0,,0,0,,0,0,,0,0,,0,0,,0,0,,0,0,,0,0,,0,0,,1.0,1,,0,0,,0,0,,0,0,,0.5,1,,0,0,shadow_hand_bottle_cap,42
0.2197,,0,0,,0.2,1,,0,0,,0,0,,1.0,1,,1.0,1,,0,0,,0,0,,0,0,,0,0,,0,0,,0,0,,0,0,,0,0,,0,0,,0,0,,0,0,,0,0,,0,0,,0,0,,0,0,,1.0,1,,0,0,,0,0,,0,0,,1.0,1,,0,0,shadow_hand_bottle_cap,42
0.4053,,0,0,,1.0,1,,0,0,,0,0,,0.3,1,,0.3,1,,0,0,,0,0,,0,0,,0,0,,0,0,,0,0,,0,0,,0,0,,0,0,,0,0,,0,0,,0,0,,0,0,,0,0,,0,0,,0.3,1,,0,0,,0,0,,0,0,,0.5,1,,0,0,shadow_hand_bottle_cap,42
0.2217,,0,0,,1.0,1,,0,0,,0,0,,0.3,1,,0.3,1,,0,0,,0,0,,0,0,,0,0,,0,0,,0,0,,0,0,,0,0,,0,0,,0,0,,0,0,,0,0,,0,0,,0,0,,0,0,,0.3,1,,0,0,,0,0,,0,0,,1.0,1,,0,0,shadow_hand_bottle_cap,42
0.1255,,0,0,,1.0,1,,0,0,,0,0,,1.0,1,,0.3,1,,0,0,,0,0,,0,0,,0,0,,0,0,,0,0,,0,0,,0,0,,0,0,,0,0,,0,0,,0,0,,0,0,,0,0,,0,0,,0.3,1,,0,0,,0,0,,0,0,,0.5,1,,0,0,shadow_hand_bottle_cap,42
0.1206,,0,0,,1.0,1,,0,0,,0,0,,1.0,1,,0.3,1,,0,0,,0,0,,0,0,,0,0,,0,0,,0,0,,0,0,,0,0,,0,0,,0,0,,0,0,,0,0,,0,0,,0,0,,0,0,,0.3,1,,0,0,,0,0,,0,0,,1.0,1,,0,0,shadow_hand_bottle_cap,42
0.4268,,0,0,,1.0,1,,0,0,,0,0,,0.3,1,,0.3,1,,0,0,,0,0,,0,0,,0,0,,0,0,,0,0,,0,0,,0,0,,0,0,,0,0,,0,0,,0,0,,0,0,,0,0,,0,0,,1.0,1,,0,0,,0,0,,0,0,,0.5,1,,0,0,shadow_hand_bottle_cap,42
0.1567,,0,0,,1.0,1,,0,0,,0,0,,0.3,1,,0.3,1,,0,0,,0,0,,0,0,,0,0,,0,0,,0,0,,0,0,,0,0,,0,0,,0,0,,0,0,,0,0,,0,0,,0,0,,0,0,,1.0,1,,0,0,,0,0,,0,0,,1.0,1,,0,0,shadow_hand_bottle_cap,42
0.2373,,0,0,,1.0,1,,0,0,,0,0,,1.0,1,,0.3,1,,0,0,,0,0,,0,0,,0,0,,0,0,,0,0,,0,0,,0,0,,0,0,,0,0,,0,0,,0,0,,0,0,,0,0,,0,0,,1.0,1,,0,0,,0,0,,0,0,,0.5,1,,0,0,shadow_hand_bottle_cap,42
0.4185,,0,0,,1.0,1,,0,0,,0,0,,1.0,1,,0.3,1,,0,0,,0,0,,0,0,,0,0,,0,0,,0,0,,0,0,,0,0,,0,0,,0,0,,0,0,,0,0,,0,0,,0,0,,0,0,,1.0,1,,0,0,,0,0,,0,0,,1.0,1,,0,0,shadow_hand_bottle_cap,42
0.4634,,0,0,,1.0,1,,0,0,,0,0,,0.3,1,,1.0,1,,0,0,,0,0,,0,0,,0,0,,0,0,,0,0,,0,0,,0,0,,0,0,,0,0,,0,0,,0,0,,0,0,,0,0,,0,0,,0.3,1,,0,0,,0,0,,0,0,,0.5,1,,0,0,shadow_hand_bottle_cap,42
0.4106,,0,0,,1.0,1,,0,0,,0,0,,0.3,1,,1.0,1,,0,0,,0,0,,0,0,,0,0,,0,0,,0,0,,0,0,,0,0,,0,0,,0,0,,0,0,,0,0,,0,0,,0,0,,0,0,,0.3,1,,0,0,,0,0,,0,0,,1.0,1,,0,0,shadow_hand_bottle_cap,42
0.3311,,0,0,,1.0,1,,0,0,,0,0,,1.0,1,,1.0,1,,0,0,,0,0,,0,0,,0,0,,0,0,,0,0,,0,0,,0,0,,0,0,,0,0,,0,0,,0,0,,0,0,,0,0,,0,0,,0.3,1,,0,0,,0,0,,0,0,,0.5,1,,0,0,shadow_hand_bottle_cap,42
0.3081,,0,0,,1.0,1,,0,0,,0,0,,1.0,1,,1.0,1,,0,0,,0,0,,0,0,,0,0,,0,0,,0,0,,0,0,,0,0,,0,0,,0,0,,0,0,,0,0,,0,0,,0,0,,0,0,,0.3,1,,0,0,,0,0,,0,0,,1.0,1,,0,0,shadow_hand_bottle_cap,42
0.1895,,0,0,,1.0,1,,0,0,,0,0,,0.3,1,,1.0,1,,0,0,,0,0,,0,0,,0,0,,0,0,,0,0,,0,0,,0,0,,0,0,,0,0,,0,0,,0,0,,0,0,,0,0,,0,0,,1.0,1,,0,0,,0,0,,0,0,,0.5,1,,0,0,shadow_hand_bottle_cap,42
0.2749,,0,0,,1.0,1,,0,0,,0,0,,0.3,1,,1.0,1,,0,0,,0,0,,0,0,,0,0,,0,0,,0,0,,0,0,,0,0,,0,0,,0,0,,0,0,,0,0,,0,0,,0,0,,0,0,,1.0,1,,0,0,,0,0,,0,0,,1.0,1,,0,0,shadow_hand_bottle_cap,42
0.1997,,0,0,,1.0,1,,0,0,,0,0,,1.0,1,,1.0,1,,0,0,,0,0,,0,0,,0,0,,0,0,,0,0,,0,0,,0,0,,0,0,,0,0,,0,0,,0,0,,0,0,,0,0,,0,0,,1.0,1,,0,0,,0,0,,0,0,,0.5,1,,0,0,shadow_hand_bottle_cap,42
0.2192,,0,0,,1.0,1,,0,0,,0,0,,1.0,1,,1.0,1,,0,0,,0,0,,0,0,,0,0,,0,0,,0,0,,0,0,,0,0,,0,0,,0,0,,0,0,,0,0,,0,0,,0,0,,0,0,,1.0,1,,0,0,,0,0,,0,0,,1.0,1,,0,0,shadow_hand_bottle_cap,42
0.3389,,0,0,,0.25,1,,0,0,,0,0,,0,0,,0.25,1,,0,0,,0,0,,0,0,,0.25,1,,0,0,,0.05,1,,0,0,,0,0,,0,0,,0,0,,0,0,,0,0,,0,0,,0,0,,0,0,,0.2,1,,0,0,,0,0,,0,0,,0,0,,0,0,shadow_hand_bottle_cap,42
0.166,,0,0,,0.25,1,,0,0,,0,0,,0,0,,0.25,1,,0,0,,0,0,,0,0,,0.25,1,,0,0,,1.0,1,,0,0,,0,0,,0,0,,0,0,,0,0,,0,0,,0,0,,0,0,,0,0,,0.2,1,,0,0,,0,0,,0,0,,0,0,,0,0,shadow_hand_bottle_cap,42
0.23,,0,0,,0.25,1,,0,0,,0,0,,0,0,,0.25,1,,0,0,,0,0,,0,0,,1.0,1,,0,0,,0.05,1,,0,0,,0,0,,0,0,,0,0,,0,0,,0,0,,0,0,,0,0,,0,0,,0.2,1,,0,0,,0,0,,0,0,,0,0,,0,0,shadow_hand_bottle_cap,42
0.1841,,0,0,,0.25,1,,0,0,,0,0,,0,0,,0.25,1,,0,0,,0,0,,0,0,,1.0,1,,0,0,,1.0,1,,0,0,,0,0,,0,0,,0,0,,0,0,,0,0,,0,0,,0,0,,0,0,,0.2,1,,0,0,,0,0,,0,0,,0,0,,0,0,shadow_hand_bottle_cap,42
0.1782,,0,0,,0.25,1,,0,0,,0,0,,0,0,,0.25,1,,0,0,,0,0,,0,0,,0.25,1,,0,0,,0.05,1,,0,0,,0,0,,0,0,,0,0,,0,0,,0,0,,0,0,,0,0,,0,0,,1.0,1,,0,0,,0,0,,0,0,,0,0,,0,0,shadow_hand_bottle_cap,42
0.2681,,0,0,,0.25,1,,0,0,,0,0,,0,0,,0.25,1,,0,0,,0,0,,0,0,,0.25,1,,0,0,,1.0,1,,0,0,,0,0,,0,0,,0,0,,0,0,,0,0,,0,0,,0,0,,0,0,,1.0,1,,0,0,,0,0,,0,0,,0,0,,0,0,shadow_hand_bottle_cap,42
0.1924,,0,0,,0.25,1,,0,0,,0,0,,0,0,,0.25,1,,0,0,,0,0,,0,0,,1.0,1,,0,0,,0.05,1,,0,0,,0,0,,0,0,,0,0,,0,0,,0,0,,0,0,,0,0,,0,0,,1.0,1,,0,0,,0,0,,0,0,,0,0,,0,0,shadow_hand_bottle_cap,42
0.1782,,0,0,,0.25,1,,0,0,,0,0,,0,0,,0.25,1,,0,0,,0,0,,0,0,,1.0,1,,0,0,,1.0,1,,0,0,,0,0,,0,0,,0,0,,0,0,,0,0,,0,0,,0,0,,0,0,,1.0,1,,0,0,,0,0,,0,0,,0,0,,0,0,shadow_hand_bottle_cap,42
0.1396,,0,0,,0.25,1,,0,0,,0,0,,0,0,,1.0,1,,0,0,,0,0,,0,0,,0.25,1,,0,0,,0.05,1,,0,0,,0,0,,0,0,,0,0,,0,0,,0,0,,0,0,,0,0,,0,0,,0.2,1,,0,0,,0,0,,0,0,,0,0,,0,0,shadow_hand_bottle_cap,42
0.2578,,0,0,,0.25,1,,0,0,,0,0,,0,0,,1.0,1,,0,0,,0,0,,0,0,,0.25,1,,0,0,,1.0,1,,0,0,,0,0,,0,0,,0,0,,0,0,,0,0,,0,0,,0,0,,0,0,,0.2,1,,0,0,,0,0,,0,0,,0,0,,0,0,shadow_hand_bottle_cap,42
0.4014,,0,0,,0.25,1,,0,0,,0,0,,0,0,,1.0,1,,0,0,,0,0,,0,0,,1.0,1,,0,0,,0.05,1,,0,0,,0,0,,0,0,,0,0,,0,0,,0,0,,0,0,,0,0,,0,0,,0.2,1,,0,0,,0,0,,0,0,,0,0,,0,0,shadow_hand_bottle_cap,42
0.2236,,0,0,,0.25,1,,0,0,,0,0,,0,0,,1.0,1,,0,0,,0,0,,0,0,,1.0,1,,0,0,,1.0,1,,0,0,,0,0,,0,0,,0,0,,0,0,,0,0,,0,0,,0,0,,0,0,,0.2,1,,0,0,,0,0,,0,0,,0,0,,0,0,shadow_hand_bottle_cap,42
0.3359,,0,0,,0.25,1,,0,0,,0,0,,0,0,,1.0,1,,0,0,,0,0,,0,0,,0.25,1,,0,0,,0.05,1,,0,0,,0,0,,0,0,,0,0,,0,0,,0,0,,0,0,,0,0,,0,0,,1.0,1,,0,0,,0,0,,0,0,,0,0,,0,0,shadow_hand_bottle_cap,42
0.2051,,0,0,,0.25,1,,0,0,,0,0,,0,0,,1.0,1,,0,0,,0,0,,0,0,,0.25,1,,0,0,,1.0,1,,0,0,,0,0,,0,0,,0,0,,0,0,,0,0,,0,0,,0,0,,0,0,,1.0,1,,0,0,,0,0,,0,0,,0,0,,0,0,shadow_hand_bottle_cap,42
0.5103,,0,0,,0.25,1,,0,0,,0,0,,0,0,,1.0,1,,0,0,,0,0,,0,0,,1.0,1,,0,0,,0.05,1,,0,0,,0,0,,0,0,,0,0,,0,0,,0,0,,0,0,,0,0,,0,0,,1.0,1,,0,0,,0,0,,0,0,,0,0,,0,0,shadow_hand_bottle_cap,42
0.2568,,0,0,,0.25,1,,0,0,,0,0,,0,0,,1.0,1,,0,0,,0,0,,0,0,,1.0,1,,0,0,,1.0,1,,0,0,,0,0,,0,0,,0,0,,0,0,,0,0,,0,0,,0,0,,0,0,,1.0,1,,0,0,,0,0,,0,0,,0,0,,0,0,shadow_hand_bottle_cap,42
0.2925,,0,0,,1.0,1,,0,0,,0,0,,0,0,,0.25,1,,0,0,,0,0,,0,0,,0.25,1,,0,0,,0.05,1,,0,0,,0,0,,0,0,,0,0,,0,0,,0,0,,0,0,,0,0,,0,0,,0.2,1,,0,0,,0,0,,0,0,,0,0,,0,0,shadow_hand_bottle_cap,42
0.2271,,0,0,,1.0,1,,0,0,,0,0,,0,0,,0.25,1,,0,0,,0,0,,0,0,,0.25,1,,0,0,,1.0,1,,0,0,,0,0,,0,0,,0,0,,0,0,,0,0,,0,0,,0,0,,0,0,,0.2,1,,0,0,,0,0,,0,0,,0,0,,0,0,shadow_hand_bottle_cap,42
0.1543,,0,0,,1.0,1,,0,0,,0,0,,0,0,,0.25,1,,0,0,,0,0,,0,0,,1.0,1,,0,0,,0.05,1,,0,0,,0,0,,0,0,,0,0,,0,0,,0,0,,0,0,,0,0,,0,0,,0.2,1,,0,0,,0,0,,0,0,,0,0,,0,0,shadow_hand_bottle_cap,42
0.1392,,0,0,,1.0,1,,0,0,,0,0,,0,0,,0.25,1,,0,0,,0,0,,0,0,,1.0,1,,0,0,,1.0,1,,0,0,,0,0,,0,0,,0,0,,0,0,,0,0,,0,0,,0,0,,0,0,,0.2,1,,0,0,,0,0,,0,0,,0,0,,0,0,shadow_hand_bottle_cap,42
0.3901,,0,0,,1.0,1,,0,0,,0,0,,0,0,,0.25,1,,0,0,,0,0,,0,0,,0.25,1,,0,0,,0.05,1,,0,0,,0,0,,0,0,,0,0,,0,0,,0,0,,0,0,,0,0,,0,0,,1.0,1,,0,0,,0,0,,0,0,,0,0,,0,0,shadow_hand_bottle_cap,42
0.2061,,0,0,,1.0,1,,0,0,,0,0,,0,0,,0.25,1,,0,0,,0,0,,0,0,,0.25,1,,0,0,,1.0,1,,0,0,,0,0,,0,0,,0,0,,0,0,,0,0,,0,0,,0,0,,0,0,,1.0,1,,0,0,,0,0,,0,0,,0,0,,0,0,shadow_hand_bottle_cap,42
0.2769,,0,0,,1.0,1,,0,0,,0,0,,0,0,,0.25,1,,0,0,,0,0,,0,0,,1.0,1,,0,0,,0.05,1,,0,0,,0,0,,0,0,,0,0,,0,0,,0,0,,0,0,,0,0,,0,0,,1.0,1,,0,0,,0,0,,0,0,,0,0,,0,0,shadow_hand_bottle_cap,42
0.1973,,0,0,,1.0,1,,0,0,,0,0,,0,0,,0.25,1,,0,0,,0,0,,0,0,,1.0,1,,0,0,,1.0,1,,0,0,,0,0,,0,0,,0,0,,0,0,,0,0,,0,0,,0,0,,0,0,,1.0,1,,0,0,,0,0,,0,0,,0,0,,0,0,shadow_hand_bottle_cap,42
0.2686,,0,0,,1.0,1,,0,0,,0,0,,0,0,,1.0,1,,0,0,,0,0,,0,0,,0.25,1,,0,0,,0.05,1,,0,0,,0,0,,0,0,,0,0,,0,0,,0,0,,0,0,,0,0,,0,0,,0.2,1,,0,0,,0,0,,0,0,,0,0,,0,0,shadow_hand_bottle_cap,42
0.2886,,0,0,,1.0,1,,0,0,,0,0,,0,0,,1.0,1,,0,0,,0,0,,0,0,,0.25,1,,0,0,,1.0,1,,0,0,,0,0,,0,0,,0,0,,0,0,,0,0,,0,0,,0,0,,0,0,,0.2,1,,0,0,,0,0,,0,0,,0,0,,0,0,shadow_hand_bottle_cap,42
0.2993,,0,0,,1.0,1,,0,0,,0,0,,0,0,,1.0,1,,0,0,,0,0,,0,0,,1.0,1,,0,0,,0.05,1,,0,0,,0,0,,0,0,,0,0,,0,0,,0,0,,0,0,,0,0,,0,0,,0.2,1,,0,0,,0,0,,0,0,,0,0,,0,0,shadow_hand_bottle_cap,42
0.2964,,0,0,,1.0,1,,0,0,,0,0,,0,0,,1.0,1,,0,0,,0,0,,0,0,,1.0,1,,0,0,,1.0,1,,0,0,,0,0,,0,0,,0,0,,0,0,,0,0,,0,0,,0,0,,0,0,,0.2,1,,0,0,,0,0,,0,0,,0,0,,0,0,shadow_hand_bottle_cap,42
0.6416,,0,0,,1.0,1,,0,0,,0,0,,0,0,,1.0,1,,0,0,,0,0,,0,0,,0.25,1,,0,0,,0.05,1,,0,0,,0,0,,0,0,,0,0,,0,0,,0,0,,0,0,,0,0,,0,0,,1.0,1,,0,0,,0,0,,0,0,,0,0,,0,0,shadow_hand_bottle_cap,42
0.3145,,0,0,,1.0,1,,0,0,,0,0,,0,0,,1.0,1,,0,0,,0,0,,0,0,,0.25,1,,0,0,,1.0,1,,0,0,,0,0,,0,0,,0,0,,0,0,,0,0,,0,0,,0,0,,0,0,,1.0,1,,0,0,,0,0,,0,0,,0,0,,0,0,shadow_hand_bottle_cap,42
0.2354,,0,0,,1.0,1,,0,0,,0,0,,0,0,,1.0,1,,0,0,,0,0,,0,0,,1.0,1,,0,0,,0.05,1,,0,0,,0,0,,0,0,,0,0,,0,0,,0,0,,0,0,,0,0,,0,0,,1.0,1,,0,0,,0,0,,0,0,,0,0,,0,0,shadow_hand_bottle_cap,42
0.2236,,0,0,,1.0,1,,0,0,,0,0,,0,0,,1.0,1,,0,0,,0,0,,0,0,,1.0,1,,0,0,,1.0,1,,0,0,,0,0,,0,0,,0,0,,0,0,,0,0,,0,0,,0,0,,0,0,,1.0,1,,0,0,,0,0,,0,0,,0,0,,0,0,shadow_hand_bottle_cap,42
0.3525,,0,0,,0.2,1,,0,0,,0,0,,0,0,,0.2,1,,0,0,,0.4,1,,0,0,,0,0,,0,0,,0,0,,0,0,,0,0,,0,0,,0,0,,0,0,,0,0,,0,0,,0,0,,0,0,,0.3,1,,0,0,,0,0,,0.1,1,,0,0,,0,0,shadow_hand_bottle_cap,42
0.0249,,0,0,,0.2,1,,0,0,,0,0,,0,0,,0.2,1,,0,0,,0.4,1,,0,0,,0,0,,0,0,,0,0,,0,0,,0,0,,0,0,,0,0,,0,0,,0,0,,0,0,,0,0,,0,0,,0.3,1,,0,0,,0,0,,1.0,1,,0,0,,0,0,shadow_hand_bottle_cap,42
0.1816,,0,0,,0.2,1,,0,0,,0,0,,0,0,,0.2,1,,0,0,,1.0,1,,0,0,,0,0,,0,0,,0,0,,0,0,,0,0,,0,0,,0,0,,0,0,,0,0,,0,0,,0,0,,0,0,,0.3,1,,0,0,,0,0,,0.1,1,,0,0,,0,0,shadow_hand_bottle_cap,42
0.0771,,0,0,,0.2,1,,0,0,,0,0,,0,0,,0.2,1,,0,0,,1.0,1,,0,0,,0,0,,0,0,,0,0,,0,0,,0,0,,0,0,,0,0,,0,0,,0,0,,0,0,,0,0,,0,0,,0.3,1,,0,0,,0,0,,1.0,1,,0,0,,0,0,shadow_hand_bottle_cap,42
0.0361,,0,0,,0.2,1,,0,0,,0,0,,0,0,,0.2,1,,0,0,,0.4,1,,0,0,,0,0,,0,0,,0,0,,0,0,,0,0,,0,0,,0,0,,0,0,,0,0,,0,0,,0,0,,0,0,,1.0,1,,0,0,,0,0,,0.1,1,,0,0,,0,0,shadow_hand_bottle_cap,42
0.0801,,0,0,,0.2,1,,0,0,,0,0,,0,0,,0.2,1,,0,0,,0.4,1,,0,0,,0,0,,0,0,,0,0,,0,0,,0,0,,0,0,,0,0,,0,0,,0,0,,0,0,,0,0,,0,0,,1.0,1,,0,0,,0,0,,1.0,1,,0,0,,0,0,shadow_hand_bottle_cap,42
0.043,,0,0,,0.2,1,,0,0,,0,0,,0,0,,0.2,1,,0,0,,1.0,1,,0,0,,0,0,,0,0,,0,0,,0,0,,0,0,,0,0,,0,0,,0,0,,0,0,,0,0,,0,0,,0,0,,1.0,1,,0,0,,0,0,,0.1,1,,0,0,,0,0,shadow_hand_bottle_cap,42
0.0195,,0,0,,0.2,1,,0,0,,0,0,,0,0,,0.2,1,,0,0,,1.0,1,,0,0,,0,0,,0,0,,0,0,,0,0,,0,0,,0,0,,0,0,,0,0,,0,0,,0,0,,0,0,,0,0,,1.0,1,,0,0,,0,0,,1.0,1,,0,0,,0,0,shadow_hand_bottle_cap,42
0.3867,,0,0,,0.2,1,,0,0,,0,0,,0,0,,1.0,1,,0,0,,0.4,1,,0,0,,0,0,,0,0,,0,0,,0,0,,0,0,,0,0,,0,0,,0,0,,0,0,,0,0,,0,0,,0,0,,0.3,1,,0,0,,0,0,,0.1,1,,0,0,,0,0,shadow_hand_bottle_cap,42
0.1919,,0,0,,0.2,1,,0,0,,0,0,,0,0,,1.0,1,,0,0,,0.4,1,,0,0,,0,0,,0,0,,0,0,,0,0,,0,0,,0,0,,0,0,,0,0,,0,0,,0,0,,0,0,,0,0,,0.3,1,,0,0,,0,0,,1.0,1,,0,0,,0,0,shadow_hand_bottle_cap,42
0.4487,,0,0,,0.2,1,,0,0,,0,0,,0,0,,1.0,1,,0,0,,1.0,1,,0,0,,0,0,,0,0,,0,0,,0,0,,0,0,,0,0,,0,0,,0,0,,0,0,,0,0,,0,0,,0,0,,0.3,1,,0,0,,0,0,,0.1,1,,0,0,,0,0,shadow_hand_bottle_cap,42
0.5234,,0,0,,0.2,1,,0,0,,0,0,,0,0,,1.0,1,,0,0,,1.0,1,,0,0,,0,0,,0,0,,0,0,,0,0,,0,0,,0,0,,0,0,,0,0,,0,0,,0,0,,0,0,,0,0,,0.3,1,,0,0,,0,0,,1.0,1,,0,0,,0,0,shadow_hand_bottle_cap,42
0.0522,,0,0,,0.2,1,,0,0,,0,0,,0,0,,1.0,1,,0,0,,0.4,1,,0,0,,0,0,,0,0,,0,0,,0,0,,0,0,,0,0,,0,0,,0,0,,0,0,,0,0,,0,0,,0,0,,1.0,1,,0,0,,0,0,,0.1,1,,0,0,,0,0,shadow_hand_bottle_cap,42
0.0879,,0,0,,0.2,1,,0,0,,0,0,,0,0,,1.0,1,,0,0,,0.4,1,,0,0,,0,0,,0,0,,0,0,,0,0,,0,0,,0,0,,0,0,,0,0,,0,0,,0,0,,0,0,,0,0,,1.0,1,,0,0,,0,0,,1.0,1,,0,0,,0,0,shadow_hand_bottle_cap,42
0.0366,,0,0,,0.2,1,,0,0,,0,0,,0,0,,1.0,1,,0,0,,1.0,1,,0,0,,0,0,,0,0,,0,0,,0,0,,0,0,,0,0,,0,0,,0,0,,0,0,,0,0,,0,0,,0,0,,1.0,1,,0,0,,0,0,,0.1,1,,0,0,,0,0,shadow_hand_bottle_cap,42
0.2271,,0,0,,0.2,1,,0,0,,0,0,,0,0,,1.0,1,,0,0,,1.0,1,,0,0,,0,0,,0,0,,0,0,,0,0,,0,0,,0,0,,0,0,,0,0,,0,0,,0,0,,0,0,,0,0,,1.0,1,,0,0,,0,0,,1.0,1,,0,0,,0,0,shadow_hand_bottle_cap,42
0.0762,,0,0,,1.0,1,,0,0,,0,0,,0,0,,0.2,1,,0,0,,0.4,1,,0,0,,0,0,,0,0,,0,0,,0,0,,0,0,,0,0,,0,0,,0,0,,0,0,,0,0,,0,0,,0,0,,0.3,1,,0,0,,0,0,,0.1,1,,0,0,,0,0,shadow_hand_bottle_cap,42
0.1177,,0,0,,1.0,1,,0,0,,0,0,,0,0,,0.2,1,,0,0,,0.4,1,,0,0,,0,0,,0,0,,0,0,,0,0,,0,0,,0,0,,0,0,,0,0,,0,0,,0,0,,0,0,,0,0,,0.3,1,,0,0,,0,0,,1.0,1,,0,0,,0,0,shadow_hand_bottle_cap,42
0.125,,0,0,,1.0,1,,0,0,,0,0,,0,0,,0.2,1,,0,0,,1.0,1,,0,0,,0,0,,0,0,,0,0,,0,0,,0,0,,0,0,,0,0,,0,0,,0,0,,0,0,,0,0,,0,0,,0.3,1,,0,0,,0,0,,0.1,1,,0,0,,0,0,shadow_hand_bottle_cap,42
0.1812,,0,0,,1.0,1,,0,0,,0,0,,0,0,,0.2,1,,0,0,,1.0,1,,0,0,,0,0,,0,0,,0,0,,0,0,,0,0,,0,0,,0,0,,0,0,,0,0,,0,0,,0,0,,0,0,,0.3,1,,0,0,,0,0,,1.0,1,,0,0,,0,0,shadow_hand_bottle_cap,42
0.2715,,0,0,,1.0,1,,0,0,,0,0,,0,0,,0.2,1,,0,0,,0.4,1,,0,0,,0,0,,0,0,,0,0,,0,0,,0,0,,0,0,,0,0,,0,0,,0,0,,0,0,,0,0,,0,0,,1.0,1,,0,0,,0,0,,0.1,1,,0,0,,0,0,shadow_hand_bottle_cap,42
0.0562,,0,0,,1.0,1,,0,0,,0,0,,0,0,,0.2,1,,0,0,,0.4,1,,0,0,,0,0,,0,0,,0,0,,0,0,,0,0,,0,0,,0,0,,0,0,,0,0,,0,0,,0,0,,0,0,,1.0,1,,0,0,,0,0,,1.0,1,,0,0,,0,0,shadow_hand_bottle_cap,42
0.0244,,0,0,,1.0,1,,0,0,,0,0,,0,0,,0.2,1,,0,0,,1.0,1,,0,0,,0,0,,0,0,,0,0,,0,0,,0,0,,0,0,,0,0,,0,0,,0,0,,0,0,,0,0,,0,0,,1.0,1,,0,0,,0,0,,0.1,1,,0,0,,0,0,shadow_hand_bottle_cap,42
0.0713,,0,0,,1.0,1,,0,0,,0,0,,0,0,,0.2,1,,0,0,,1.0,1,,0,0,,0,0,,0,0,,0,0,,0,0,,0,0,,0,0,,0,0,,0,0,,0,0,,0,0,,0,0,,0,0,,1.0,1,,0,0,,0,0,,1.0,1,,0,0,,0,0,shadow_hand_bottle_cap,42
0.5718,,0,0,,1.0,1,,0,0,,0,0,,0,0,,1.0,1,,0,0,,0.4,1,,0,0,,0,0,,0,0,,0,0,,0,0,,0,0,,0,0,,0,0,,0,0,,0,0,,0,0,,0,0,,0,0,,0.3,1,,0,0,,0,0,,0.1,1,,0,0,,0,0,shadow_hand_bottle_cap,42
0.5205,,0,0,,1.0,1,,0,0,,0,0,,0,0,,1.0,1,,0,0,,0.4,1,,0,0,,0,0,,0,0,,0,0,,0,0,,0,0,,0,0,,0,0,,0,0,,0,0,,0,0,,0,0,,0,0,,0.3,1,,0,0,,0,0,,1.0,1,,0,0,,0,0,shadow_hand_bottle_cap,42
0.2148,,0,0,,1.0,1,,0,0,,0,0,,0,0,,1.0,1,,0,0,,1.0,1,,0,0,,0,0,,0,0,,0,0,,0,0,,0,0,,0,0,,0,0,,0,0,,0,0,,0,0,,0,0,,0,0,,0.3,1,,0,0,,0,0,,0.1,1,,0,0,,0,0,shadow_hand_bottle_cap,42
0.0947,,0,0,,1.0,1,,0,0,,0,0,,0,0,,1.0,1,,0,0,,1.0,1,,0,0,,0,0,,0,0,,0,0,,0,0,,0,0,,0,0,,0,0,,0,0,,0,0,,0,0,,0,0,,0,0,,0.3,1,,0,0,,0,0,,1.0,1,,0,0,,0,0,shadow_hand_bottle_cap,42
0.0425,,0,0,,1.0,1,,0,0,,0,0,,0,0,,1.0,1,,0,0,,0.4,1,,0,0,,0,0,,0,0,,0,0,,0,0,,0,0,,0,0,,0,0,,0,0,,0,0,,0,0,,0,0,,0,0,,1.0,1,,0,0,,0,0,,0.1,1,,0,0,,0,0,shadow_hand_bottle_cap,42
0.1958,,0,0,,1.0,1,,0,0,,0,0,,0,0,,1.0,1,,0,0,,0.4,1,,0,0,,0,0,,0,0,,0,0,,0,0,,0,0,,0,0,,0,0,,0,0,,0,0,,0,0,,0,0,,0,0,,1.0,1,,0,0,,0,0,,1.0,1,,0,0,,0,0,shadow_hand_bottle_cap,42
0.2344,,0,0,,1.0,1,,0,0,,0,0,,0,0,,1.0,1,,0,0,,1.0,1,,0,0,,0,0,,0,0,,0,0,,0,0,,0,0,,0,0,,0,0,,0,0,,0,0,,0,0,,0,0,,0,0,,1.0,1,,0,0,,0,0,,0.1,1,,0,0,,0,0,shadow_hand_bottle_cap,42
0.043,,0,0,,1.0,1,,0,0,,0,0,,0,0,,1.0,1,,0,0,,1.0,1,,0,0,,0,0,,0,0,,0,0,,0,0,,0,0,,0,0,,0,0,,0,0,,0,0,,0,0,,0,0,,0,0,,1.0,1,,0,0,,0,0,,1.0,1,,0,0,,0,0,shadow_hand_bottle_cap,42
0.0566,,0.2,1,,0.2,1,,0,0,,0,0,,0,0,,0.2,1,,0,0,,0,0,,0,0,,0,0,,0,0,,0,0,,0,0,,0,0,,0,0,,0,0,,0,0,,0,0,,0,0,,0,0,,0,0,,0.3,1,,0,0,,0,0,,0.1,1,,0,0,,0,0,shadow_hand_bottle_cap,42
0.0605,,0.2,1,,0.2,1,,0,0,,0,0,,0,0,,0.2,1,,0,0,,0,0,,0,0,,0,0,,0,0,,0,0,,0,0,,0,0,,0,0,,0,0,,0,0,,0,0,,0,0,,0,0,,0,0,,0.3,1,,0,0,,0,0,,1.0,1,,0,0,,0,0,shadow_hand_bottle_cap,42
0.063,,1.0,1,,0.2,1,,0,0,,0,0,,0,0,,0.2,1,,0,0,,0,0,,0,0,,0,0,,0,0,,0,0,,0,0,,0,0,,0,0,,0,0,,0,0,,0,0,,0,0,,0,0,,0,0,,0.3,1,,0,0,,0,0,,0.1,1,,0,0,,0,0,shadow_hand_bottle_cap,42
0.0562,,1.0,1,,0.2,1,,0,0,,0,0,,0,0,,0.2,1,,0,0,,0,0,,0,0,,0,0,,0,0,,0,0,,0,0,,0,0,,0,0,,0,0,,0,0,,0,0,,0,0,,0,0,,0,0,,0.3,1,,0,0,,0,0,,1.0,1,,0,0,,0,0,shadow_hand_bottle_cap,42
0.0459,,0.2,1,,0.2,1,,0,0,,0,0,,0,0,,0.2,1,,0,0,,0,0,,0,0,,0,0,,0,0,,0,0,,0,0,,0,0,,0,0,,0,0,,0,0,,0,0,,0,0,,0,0,,0,0,,1.0,1,,0,0,,0,0,,0.1,1,,0,0,,0,0,shadow_hand_bottle_cap,42
0.4736,,0.2,1,,0.2,1,,0,0,,0,0,,0,0,,0.2,1,,0,0,,0,0,,0,0,,0,0,,0,0,,0,0,,0,0,,0,0,,0,0,,0,0,,0,0,,0,0,,0,0,,0,0,,0,0,,1.0,1,,0,0,,0,0,,1.0,1,,0,0,,0,0,shadow_hand_bottle_cap,42
0.0093,,1.0,1,,0.2,1,,0,0,,0,0,,0,0,,0.2,1,,0,0,,0,0,,0,0,,0,0,,0,0,,0,0,,0,0,,0,0,,0,0,,0,0,,0,0,,0,0,,0,0,,0,0,,0,0,,1.0,1,,0,0,,0,0,,0.1,1,,0,0,,0,0,shadow_hand_bottle_cap,42
0.0479,,1.0,1,,0.2,1,,0,0,,0,0,,0,0,,0.2,1,,0,0,,0,0,,0,0,,0,0,,0,0,,0,0,,0,0,,0,0,,0,0,,0,0,,0,0,,0,0,,0,0,,0,0,,0,0,,1.0,1,,0,0,,0,0,,1.0,1,,0,0,,0,0,shadow_hand_bottle_cap,42
0.2451,,0.2,1,,0.2,1,,0,0,,0,0,,0,0,,1.0,1,,0,0,,0,0,,0,0,,0,0,,0,0,,0,0,,0,0,,0,0,,0,0,,0,0,,0,0,,0,0,,0,0,,0,0,,0,0,,0.3,1,,0,0,,0,0,,0.1,1,,0,0,,0,0,shadow_hand_bottle_cap,42
0.105,,0.2,1,,0.2,1,,0,0,,0,0,,0,0,,1.0,1,,0,0,,0,0,,0,0,,0,0,,0,0,,0,0,,0,0,,0,0,,0,0,,0,0,,0,0,,0,0,,0,0,,0,0,,0,0,,0.3,1,,0,0,,0,0,,1.0,1,,0,0,,0,0,shadow_hand_bottle_cap,42
0.6802,,1.0,1,,0.2,1,,0,0,,0,0,,0,0,,1.0,1,,0,0,,0,0,,0,0,,0,0,,0,0,,0,0,,0,0,,0,0,,0,0,,0,0,,0,0,,0,0,,0,0,,0,0,,0,0,,0.3,1,,0,0,,0,0,,0.1,1,,0,0,,0,0,shadow_hand_bottle_cap,42
0.1226,,1.0,1,,0.2,1,,0,0,,0,0,,0,0,,1.0,1,,0,0,,0,0,,0,0,,0,0,,0,0,,0,0,,0,0,,0,0,,0,0,,0,0,,0,0,,0,0,,0,0,,0,0,,0,0,,0.3,1,,0,0,,0,0,,1.0,1,,0,0,,0,0,shadow_hand_bottle_cap,42
0.0913,,0.2,1,,0.2,1,,0,0,,0,0,,0,0,,1.0,1,,0,0,,0,0,,0,0,,0,0,,0,0,,0,0,,0,0,,0,0,,0,0,,0,0,,0,0,,0,0,,0,0,,0,0,,0,0,,1.0,1,,0,0,,0,0,,0.1,1,,0,0,,0,0,shadow_hand_bottle_cap,42
0.1899,,0.2,1,,0.2,1,,0,0,,0,0,,0,0,,1.0,1,,0,0,,0,0,,0,0,,0,0,,0,0,,0,0,,0,0,,0,0,,0,0,,0,0,,0,0,,0,0,,0,0,,0,0,,0,0,,1.0,1,,0,0,,0,0,,1.0,1,,0,0,,0,0,shadow_hand_bottle_cap,42
0.3242,,1.0,1,,0.2,1,,0,0,,0,0,,0,0,,1.0,1,,0,0,,0,0,,0,0,,0,0,,0,0,,0,0,,0,0,,0,0,,0,0,,0,0,,0,0,,0,0,,0,0,,0,0,,0,0,,1.0,1,,0,0,,0,0,,0.1,1,,0,0,,0,0,shadow_hand_bottle_cap,42
0.4961,,1.0,1,,0.2,1,,0,0,,0,0,,0,0,,1.0,1,,0,0,,0,0,,0,0,,0,0,,0,0,,0,0,,0,0,,0,0,,0,0,,0,0,,0,0,,0,0,,0,0,,0,0,,0,0,,1.0,1,,0,0,,0,0,,1.0,1,,0,0,,0,0,shadow_hand_bottle_cap,42
0.0229,,0.2,1,,1.0,1,,0,0,,0,0,,0,0,,0.2,1,,0,0,,0,0,,0,0,,0,0,,0,0,,0,0,,0,0,,0,0,,0,0,,0,0,,0,0,,0,0,,0,0,,0,0,,0,0,,0.3,1,,0,0,,0,0,,0.1,1,,0,0,,0,0,shadow_hand_bottle_cap,42
0.6108,,0.2,1,,1.0,1,,0,0,,0,0,,0,0,,0.2,1,,0,0,,0,0,,0,0,,0,0,,0,0,,0,0,,0,0,,0,0,,0,0,,0,0,,0,0,,0,0,,0,0,,0,0,,0,0,,0.3,1,,0,0,,0,0,,1.0,1,,0,0,,0,0,shadow_hand_bottle_cap,42
0.4307,,1.0,1,,1.0,1,,0,0,,0,0,,0,0,,0.2,1,,0,0,,0,0,,0,0,,0,0,,0,0,,0,0,,0,0,,0,0,,0,0,,0,0,,0,0,,0,0,,0,0,,0,0,,0,0,,0.3,1,,0,0,,0,0,,0.1,1,,0,0,,0,0,shadow_hand_bottle_cap,42
0.0542,,1.0,1,,1.0,1,,0,0,,0,0,,0,0,,0.2,1,,0,0,,0,0,,0,0,,0,0,,0,0,,0,0,,0,0,,0,0,,0,0,,0,0,,0,0,,0,0,,0,0,,0,0,,0,0,,0.3,1,,0,0,,0,0,,1.0,1,,0,0,,0,0,shadow_hand_bottle_cap,42
0.1875,,0.2,1,,1.0,1,,0,0,,0,0,,0,0,,0.2,1,,0,0,,0,0,,0,0,,0,0,,0,0,,0,0,,0,0,,0,0,,0,0,,0,0,,0,0,,0,0,,0,0,,0,0,,0,0,,1.0,1,,0,0,,0,0,,0.1,1,,0,0,,0,0,shadow_hand_bottle_cap,42
0.0356,,0.2,1,,1.0,1,,0,0,,0,0,,0,0,,0.2,1,,0,0,,0,0,,0,0,,0,0,,0,0,,0,0,,0,0,,0,0,,0,0,,0,0,,0,0,,0,0,,0,0,,0,0,,0,0,,1.0,1,,0,0,,0,0,,1.0,1,,0,0,,0,0,shadow_hand_bottle_cap,42
0.0425,,1.0,1,,1.0,1,,0,0,,0,0,,0,0,,0.2,1,,0,0,,0,0,,0,0,,0,0,,0,0,,0,0,,0,0,,0,0,,0,0,,0,0,,0,0,,0,0,,0,0,,0,0,,0,0,,1.0,1,,0,0,,0,0,,0.1,1,,0,0,,0,0,shadow_hand_bottle_cap,42
0.0811,,1.0,1,,1.0,1,,0,0,,0,0,,0,0,,0.2,1,,0,0,,0,0,,0,0,,0,0,,0,0,,0,0,,0,0,,0,0,,0,0,,0,0,,0,0,,0,0,,0,0,,0,0,,0,0,,1.0,1,,0,0,,0,0,,1.0,1,,0,0,,0,0,shadow_hand_bottle_cap,42
0.4019,,0.2,1,,1.0,1,,0,0,,0,0,,0,0,,1.0,1,,0,0,,0,0,,0,0,,0,0,,0,0,,0,0,,0,0,,0,0,,0,0,,0,0,,0,0,,0,0,,0,0,,0,0,,0,0,,0.3,1,,0,0,,0,0,,0.1,1,,0,0,,0,0,shadow_hand_bottle_cap,42
0.1021,,0.2,1,,1.0,1,,0,0,,0,0,,0,0,,1.0,1,,0,0,,0,0,,0,0,,0,0,,0,0,,0,0,,0,0,,0,0,,0,0,,0,0,,0,0,,0,0,,0,0,,0,0,,0,0,,0.3,1,,0,0,,0,0,,1.0,1,,0,0,,0,0,shadow_hand_bottle_cap,42
0.1558,,1.0,1,,1.0,1,,0,0,,0,0,,0,0,,1.0,1,,0,0,,0,0,,0,0,,0,0,,0,0,,0,0,,0,0,,0,0,,0,0,,0,0,,0,0,,0,0,,0,0,,0,0,,0,0,,0.3,1,,0,0,,0,0,,0.1,1,,0,0,,0,0,shadow_hand_bottle_cap,42
0.0977,,1.0,1,,1.0,1,,0,0,,0,0,,0,0,,1.0,1,,0,0,,0,0,,0,0,,0,0,,0,0,,0,0,,0,0,,0,0,,0,0,,0,0,,0,0,,0,0,,0,0,,0,0,,0,0,,0.3,1,,0,0,,0,0,,1.0,1,,0,0,,0,0,shadow_hand_bottle_cap,42
0.1001,,0.2,1,,1.0,1,,0,0,,0,0,,0,0,,1.0,1,,0,0,,0,0,,0,0,,0,0,,0,0,,0,0,,0,0,,0,0,,0,0,,0,0,,0,0,,0,0,,0,0,,0,0,,0,0,,1.0,1,,0,0,,0,0,,0.1,1,,0,0,,0,0,shadow_hand_bottle_cap,42
0.3403,,0.2,1,,1.0,1,,0,0,,0,0,,0,0,,1.0,1,,0,0,,0,0,,0,0,,0,0,,0,0,,0,0,,0,0,,0,0,,0,0,,0,0,,0,0,,0,0,,0,0,,0,0,,0,0,,1.0,1,,0,0,,0,0,,1.0,1,,0,0,,0,0,shadow_hand_bottle_cap,42
0.2505,,1.0,1,,1.0,1,,0,0,,0,0,,0,0,,1.0,1,,0,0,,0,0,,0,0,,0,0,,0,0,,0,0,,0,0,,0,0,,0,0,,0,0,,0,0,,0,0,,0,0,,0,0,,0,0,,1.0,1,,0,0,,0,0,,0.1,1,,0,0,,0,0,shadow_hand_bottle_cap,42
0.2725,,1.0,1,,1.0,1,,0,0,,0,0,,0,0,,1.0,1,,0,0,,0,0,,0,0,,0,0,,0,0,,0,0,,0,0,,0,0,,0,0,,0,0,,0,0,,0,0,,0,0,,0,0,,0,0,,1.0,1,,0,0,,0,0,,1.0,1,,0,0,,0,0,shadow_hand_bottle_cap,42
0.0674,,0,0,,0.15,1,,0,0,,0,0,,0,0,,0.15,1,,0,0,,0,0,,0,0,,0,0,,0,0,,0,0,,0,0,,0,0,,0,0,,0,0,,0,0,,0,0,,0,0,,0,0,,0,0,,0.35,1,,0.25,1,,0,0,,0.1,1,,0,0,,0,0,shadow_hand_bottle_cap,42
0.1167,,0,0,,0.15,1,,0,0,,0,0,,0,0,,0.15,1,,0,0,,0,0,,0,0,,0,0,,0,0,,0,0,,0,0,,0,0,,0,0,,0,0,,0,0,,0,0,,0,0,,0,0,,0,0,,0.35,1,,0.25,1,,0,0,,0.5,1,,0,0,,0,0,shadow_hand_bottle_cap,42
0.1216,,0,0,,0.15,1,,0,0,,0,0,,0,0,,0.15,1,,0,0,,0,0,,0,0,,0,0,,0,0,,0,0,,0,0,,0,0,,0,0,,0,0,,0,0,,0,0,,0,0,,0,0,,0,0,,0.35,1,,0.5,1,,0,0,,0.1,1,,0,0,,0,0,shadow_hand_bottle_cap,42
0.7378,,0,0,,0.15,1,,0,0,,0,0,,0,0,,0.15,1,,0,0,,0,0,,0,0,,0,0,,0,0,,0,0,,0,0,,0,0,,0,0,,0,0,,0,0,,0,0,,0,0,,0,0,,0,0,,0.35,1,,0.5,1,,0,0,,0.5,1,,0,0,,0,0,shadow_hand_bottle_cap,42
0.209,,0,0,,0.15,1,,0,0,,0,0,,0,0,,0.15,1,,0,0,,0,0,,0,0,,0,0,,0,0,,0,0,,0,0,,0,0,,0,0,,0,0,,0,0,,0,0,,0,0,,0,0,,0,0,,1.0,1,,0.25,1,,0,0,,0.1,1,,0,0,,0,0,shadow_hand_bottle_cap,42
0.2808,,0,0,,0.15,1,,0,0,,0,0,,0,0,,0.15,1,,0,0,,0,0,,0,0,,0,0,,0,0,,0,0,,0,0,,0,0,,0,0,,0,0,,0,0,,0,0,,0,0,,0,0,,0,0,,1.0,1,,0.25,1,,0,0,,0.5,1,,0,0,,0,0,shadow_hand_bottle_cap,42
0.3101,,0,0,,0.15,1,,0,0,,0,0,,0,0,,0.15,1,,0,0,,0,0,,0,0,,0,0,,0,0,,0,0,,0,0,,0,0,,0,0,,0,0,,0,0,,0,0,,0,0,,0,0,,0,0,,1.0,1,,0.5,1,,0,0,,0.1,1,,0,0,,0,0,shadow_hand_bottle_cap,42
0.6982,,0,0,,0.15,1,,0,0,,0,0,,0,0,,0.15,1,,0,0,,0,0,,0,0,,0,0,,0,0,,0,0,,0,0,,0,0,,0,0,,0,0,,0,0,,0,0,,0,0,,0,0,,0,0,,1.0,1,,0.5,1,,0,0,,0.5,1,,0,0,,0,0,shadow_hand_bottle_cap,42
0.293,,0,0,,0.15,1,,0,0,,0,0,,0,0,,0.5,1,,0,0,,0,0,,0,0,,0,0,,0,0,,0,0,,0,0,,0,0,,0,0,,0,0,,0,0,,0,0,,0,0,,0,0,,0,0,,0.35,1,,0.25,1,,0,0,,0.1,1,,0,0,,0,0,shadow_hand_bottle_cap,42
0.0884,,0,0,,0.15,1,,0,0,,0,0,,0,0,,0.5,1,,0,0,,0,0,,0,0,,0,0,,0,0,,0,0,,0,0,,0,0,,0,0,,0,0,,0,0,,0,0,,0,0,,0,0,,0,0,,0.35,1,,0.25,1,,0,0,,0.5,1,,0,0,,0,0,shadow_hand_bottle_cap,42
0.2412,,0,0,,0.15,1,,0,0,,0,0,,0,0,,0.5,1,,0,0,,0,0,,0,0,,0,0,,0,0,,0,0,,0,0,,0,0,,0,0,,0,0,,0,0,,0,0,,0,0,,0,0,,0,0,,0.35,1,,0.5,1,,0,0,,0.1,1,,0,0,,0,0,shadow_hand_bottle_cap,42
0.2246,,0,0,,0.15,1,,0,0,,0,0,,0,0,,0.5,1,,0,0,,0,0,,0,0,,0,0,,0,0,,0,0,,0,0,,0,0,,0,0,,0,0,,0,0,,0,0,,0,0,,0,0,,0,0,,0.35,1,,0.5,1,,0,0,,0.5,1,,0,0,,0,0,shadow_hand_bottle_cap,42
0.2129,,0,0,,0.15,1,,0,0,,0,0,,0,0,,0.5,1,,0,0,,0,0,,0,0,,0,0,,0,0,,0,0,,0,0,,0,0,,0,0,,0,0,,0,0,,0,0,,0,0,,0,0,,0,0,,1.0,1,,0.25,1,,0,0,,0.1,1,,0,0,,0,0,shadow_hand_bottle_cap,42
0.2222,,0,0,,0.15,1,,0,0,,0,0,,0,0,,0.5,1,,0,0,,0,0,,0,0,,0,0,,0,0,,0,0,,0,0,,0,0,,0,0,,0,0,,0,0,,0,0,,0,0,,0,0,,0,0,,1.0,1,,0.25,1,,0,0,,0.5,1,,0,0,,0,0,shadow_hand_bottle_cap,42
0.2129,,0,0,,0.15,1,,0,0,,0,0,,0,0,,0.5,1,,0,0,,0,0,,0,0,,0,0,,0,0,,0,0,,0,0,,0,0,,0,0,,0,0,,0,0,,0,0,,0,0,,0,0,,0,0,,1.0,1,,0.5,1,,0,0,,0.1,1,,0,0,,0,0,shadow_hand_bottle_cap,42
0.0737,,0,0,,0.15,1,,0,0,,0,0,,0,0,,0.5,1,,0,0,,0,0,,0,0,,0,0,,0,0,,0,0,,0,0,,0,0,,0,0,,0,0,,0,0,,0,0,,0,0,,0,0,,0,0,,1.0,1,,0.5,1,,0,0,,0.5,1,,0,0,,0,0,shadow_hand_bottle_cap,42
0.2793,,0,0,,0.5,1,,0,0,,0,0,,0,0,,0.15,1,,0,0,,0,0,,0,0,,0,0,,0,0,,0,0,,0,0,,0,0,,0,0,,0,0,,0,0,,0,0,,0,0,,0,0,,0,0,,0.35,1,,0.25,1,,0,0,,0.1,1,,0,0,,0,0,shadow_hand_bottle_cap,42
0.1421,,0,0,,0.5,1,,0,0,,0,0,,0,0,,0.15,1,,0,0,,0,0,,0,0,,0,0,,0,0,,0,0,,0,0,,0,0,,0,0,,0,0,,0,0,,0,0,,0,0,,0,0,,0,0,,0.35,1,,0.25,1,,0,0,,0.5,1,,0,0,,0,0,shadow_hand_bottle_cap,42
0.1377,,0,0,,0.5,1,,0,0,,0,0,,0,0,,0.15,1,,0,0,,0,0,,0,0,,0,0,,0,0,,0,0,,0,0,,0,0,,0,0,,0,0,,0,0,,0,0,,0,0,,0,0,,0,0,,0.35,1,,0.5,1,,0,0,,0.1,1,,0,0,,0,0,shadow_hand_bottle_cap,42
0.2544,,0,0,,0.5,1,,0,0,,0,0,,0,0,,0.15,1,,0,0,,0,0,,0,0,,0,0,,0,0,,0,0,,0,0,,0,0,,0,0,,0,0,,0,0,,0,0,,0,0,,0,0,,0,0,,0.35,1,,0.5,1,,0,0,,0.5,1,,0,0,,0,0,shadow_hand_bottle_cap,42
0.0386,,0,0,,0.5,1,,0,0,,0,0,,0,0,,0.15,1,,0,0,,0,0,,0,0,,0,0,,0,0,,0,0,,0,0,,0,0,,0,0,,0,0,,0,0,,0,0,,0,0,,0,0,,0,0,,1.0,1,,0.25,1,,0,0,,0.1,1,,0,0,,0,0,shadow_hand_bottle_cap,42
0.1343,,0,0,,0.5,1,,0,0,,0,0,,0,0,,0.15,1,,0,0,,0,0,,0,0,,0,0,,0,0,,0,0,,0,0,,0,0,,0,0,,0,0,,0,0,,0,0,,0,0,,0,0,,0,0,,1.0,1,,0.25,1,,0,0,,0.5,1,,0,0,,0,0,shadow_hand_bottle_cap,42
0.1133,,0,0,,0.5,1,,0,0,,0,0,,0,0,,0.15,1,,0,0,,0,0,,0,0,,0,0,,0,0,,0,0,,0,0,,0,0,,0,0,,0,0,,0,0,,0,0,,0,0,,0,0,,0,0,,1.0,1,,0.5,1,,0,0,,0.1,1,,0,0,,0,0,shadow_hand_bottle_cap,42
0.1074,,0,0,,0.5,1,,0,0,,0,0,,0,0,,0.15,1,,0,0,,0,0,,0,0,,0,0,,0,0,,0,0,,0,0,,0,0,,0,0,,0,0,,0,0,,0,0,,0,0,,0,0,,0,0,,1.0,1,,0.5,1,,0,0,,0.5,1,,0,0,,0,0,shadow_hand_bottle_cap,42
0.5088,,0,0,,0.5,1,,0,0,,0,0,,0,0,,0.5,1,,0,0,,0,0,,0,0,,0,0,,0,0,,0,0,,0,0,,0,0,,0,0,,0,0,,0,0,,0,0,,0,0,,0,0,,0,0,,0.35,1,,0.25,1,,0,0,,0.1,1,,0,0,,0,0,shadow_hand_bottle_cap,42
0.0898,,0,0,,0.5,1,,0,0,,0,0,,0,0,,0.5,1,,0,0,,0,0,,0,0,,0,0,,0,0,,0,0,,0,0,,0,0,,0,0,,0,0,,0,0,,0,0,,0,0,,0,0,,0,0,,0.35,1,,0.25,1,,0,0,,0.5,1,,0,0,,0,0,shadow_hand_bottle_cap,42
0.3682,,0,0,,0.5,1,,0,0,,0,0,,0,0,,0.5,1,,0,0,,0,0,,0,0,,0,0,,0,0,,0,0,,0,0,,0,0,,0,0,,0,0,,0,0,,0,0,,0,0,,0,0,,0,0,,0.35,1,,0.5,1,,0,0,,0.1,1,,0,0,,0,0,shadow_hand_bottle_cap,42
0.2373,,0,0,,0.5,1,,0,0,,0,0,,0,0,,0.5,1,,0,0,,0,0,,0,0,,0,0,,0,0,,0,0,,0,0,,0,0,,0,0,,0,0,,0,0,,0,0,,0,0,,0,0,,0,0,,0.35,1,,0.5,1,,0,0,,0.5,1,,0,0,,0,0,shadow_hand_bottle_cap,42
0.1191,,0,0,,0.5,1,,0,0,,0,0,,0,0,,0.5,1,,0,0,,0,0,,0,0,,0,0,,0,0,,0,0,,0,0,,0,0,,0,0,,0,0,,0,0,,0,0,,0,0,,0,0,,0,0,,1.0,1,,0.25,1,,0,0,,0.1,1,,0,0,,0,0,shadow_hand_bottle_cap,42
0.4141,,0,0,,0.5,1,,0,0,,0,0,,0,0,,0.5,1,,0,0,,0,0,,0,0,,0,0,,0,0,,0,0,,0,0,,0,0,,0,0,,0,0,,0,0,,0,0,,0,0,,0,0,,0,0,,1.0,1,,0.25,1,,0,0,,0.5,1,,0,0,,0,0,shadow_hand_bottle_cap,42
0.2515,,0,0,,0.5,1,,0,0,,0,0,,0,0,,0.5,1,,0,0,,0,0,,0,0,,0,0,,0,0,,0,0,,0,0,,0,0,,0,0,,0,0,,0,0,,0,0,,0,0,,0,0,,0,0,,1.0,1,,0.5,1,,0,0,,0.1,1,,0,0,,0,0,shadow_hand_bottle_cap,42
0.1914,,0,0,,0.5,1,,0,0,,0,0,,0,0,,0.5,1,,0,0,,0,0,,0,0,,0,0,,0,0,,0,0,,0,0,,0,0,,0,0,,0,0,,0,0,,0,0,,0,0,,0,0,,0,0,,1.0,1,,0.5,1,,0,0,,0.5,1,,0,0,,0,0,shadow_hand_bottle_cap,42
0.207,,0,0,,0.15,1,,0,0,,0,0,,0,0,,0.15,1,,0,0,,0,0,,0,0,,0,0,,0,0,,0,0,,0,0,,0,0,,0,0,,0.2,1,,0,0,,0,0,,0,0,,0,0,,0,0,,0.4,1,,0,0,,0,0,,0.1,1,,0,0,,0,0,shadow_hand_bottle_cap,42
0.063,,0,0,,0.15,1,,0,0,,0,0,,0,0,,0.15,1,,0,0,,0,0,,0,0,,0,0,,0,0,,0,0,,0,0,,0,0,,0,0,,0.2,1,,0,0,,0,0,,0,0,,0,0,,0,0,,0.4,1,,0,0,,0,0,,0.5,1,,0,0,,0,0,shadow_hand_bottle_cap,42
0.2988,,0,0,,0.15,1,,0,0,,0,0,,0,0,,0.15,1,,0,0,,0,0,,0,0,,0,0,,0,0,,0,0,,0,0,,0,0,,0,0,,1.0,1,,0,0,,0,0,,0,0,,0,0,,0,0,,0.4,1,,0,0,,0,0,,0.1,1,,0,0,,0,0,shadow_hand_bottle_cap,42
0.0337,,0,0,,0.15,1,,0,0,,0,0,,0,0,,0.15,1,,0,0,,0,0,,0,0,,0,0,,0,0,,0,0,,0,0,,0,0,,0,0,,1.0,1,,0,0,,0,0,,0,0,,0,0,,0,0,,0.4,1,,0,0,,0,0,,0.5,1,,0,0,,0,0,shadow_hand_bottle_cap,42
0.0317,,0,0,,0.15,1,,0,0,,0,0,,0,0,,0.15,1,,0,0,,0,0,,0,0,,0,0,,0,0,,0,0,,0,0,,0,0,,0,0,,0.2,1,,0,0,,0,0,,0,0,,0,0,,0,0,,1.0,1,,0,0,,0,0,,0.1,1,,0,0,,0,0,shadow_hand_bottle_cap,42
0.0249,,0,0,,0.15,1,,0,0,,0,0,,0,0,,0.15,1,,0,0,,0,0,,0,0,,0,0,,0,0,,0,0,,0,0,,0,0,,0,0,,0.2,1,,0,0,,0,0,,0,0,,0,0,,0,0,,1.0,1,,0,0,,0,0,,0.5,1,,0,0,,0,0,shadow_hand_bottle_cap,42
0.0562,,0,0,,0.15,1,,0,0,,0,0,,0,0,,0.15,1,,0,0,,0,0,,0,0,,0,0,,0,0,,0,0,,0,0,,0,0,,0,0,,1.0,1,,0,0,,0,0,,0,0,,0,0,,0,0,,1.0,1,,0,0,,0,0,,0.1,1,,0,0,,0,0,shadow_hand_bottle_cap,42
0.1416,,0,0,,0.15,1,,0,0,,0,0,,0,0,,0.15,1,,0,0,,0,0,,0,0,,0,0,,0,0,,0,0,,0,0,,0,0,,0,0,,1.0,1,,0,0,,0,0,,0,0,,0,0,,0,0,,1.0,1,,0,0,,0,0,,0.5,1,,0,0,,0,0,shadow_hand_bottle_cap,42
0.0732,,0,0,,0.15,1,,0,0,,0,0,,0,0,,0.5,1,,0,0,,0,0,,0,0,,0,0,,0,0,,0,0,,0,0,,0,0,,0,0,,0.2,1,,0,0,,0,0,,0,0,,0,0,,0,0,,0.4,1,,0,0,,0,0,,0.1,1,,0,0,,0,0,shadow_hand_bottle_cap,42
0.3306,,0,0,,0.15,1,,0,0,,0,0,,0,0,,0.5,1,,0,0,,0,0,,0,0,,0,0,,0,0,,0,0,,0,0,,0,0,,0,0,,0.2,1,,0,0,,0,0,,0,0,,0,0,,0,0,,0.4,1,,0,0,,0,0,,0.5,1,,0,0,,0,0,shadow_hand_bottle_cap,42
0.4775,,0,0,,0.15,1,,0,0,,0,0,,0,0,,0.5,1,,0,0,,0,0,,0,0,,0,0,,0,0,,0,0,,0,0,,0,0,,0,0,,1.0,1,,0,0,,0,0,,0,0,,0,0,,0,0,,0.4,1,,0,0,,0,0,,0.1,1,,0,0,,0,0,shadow_hand_bottle_cap,42
0.0322,,0,0,,0.15,1,,0,0,,0,0,,0,0,,0.5,1,,0,0,,0,0,,0,0,,0,0,,0,0,,0,0,,0,0,,0,0,,0,0,,1.0,1,,0,0,,0,0,,0,0,,0,0,,0,0,,0.4,1,,0,0,,0,0,,0.5,1,,0,0,,0,0,shadow_hand_bottle_cap,42
0.0449,,0,0,,0.15,1,,0,0,,0,0,,0,0,,0.5,1,,0,0,,0,0,,0,0,,0,0,,0,0,,0,0,,0,0,,0,0,,0,0,,0.2,1,,0,0,,0,0,,0,0,,0,0,,0,0,,1.0,1,,0,0,,0,0,,0.1,1,,0,0,,0,0,shadow_hand_bottle_cap,42
0.2378,,0,0,,0.15,1,,0,0,,0,0,,0,0,,0.5,1,,0,0,,0,0,,0,0,,0,0,,0,0,,0,0,,0,0,,0,0,,0,0,,0.2,1,,0,0,,0,0,,0,0,,0,0,,0,0,,1.0,1,,0,0,,0,0,,0.5,1,,0,0,,0,0,shadow_hand_bottle_cap,42
0.2666,,0,0,,0.15,1,,0,0,,0,0,,0,0,,0.5,1,,0,0,,0,0,,0,0,,0,0,,0,0,,0,0,,0,0,,0,0,,0,0,,1.0,1,,0,0,,0,0,,0,0,,0,0,,0,0,,1.0,1,,0,0,,0,0,,0.1,1,,0,0,,0,0,shadow_hand_bottle_cap,42
0.2271,,0,0,,0.15,1,,0,0,,0,0,,0,0,,0.5,1,,0,0,,0,0,,0,0,,0,0,,0,0,,0,0,,0,0,,0,0,,0,0,,1.0,1,,0,0,,0,0,,0,0,,0,0,,0,0,,1.0,1,,0,0,,0,0,,0.5,1,,0,0,,0,0,shadow_hand_bottle_cap,42
0.188,,0,0,,0.5,1,,0,0,,0,0,,0,0,,0.15,1,,0,0,,0,0,,0,0,,0,0,,0,0,,0,0,,0,0,,0,0,,0,0,,0.2,1,,0,0,,0,0,,0,0,,0,0,,0,0,,0.4,1,,0,0,,0,0,,0.1,1,,0,0,,0,0,shadow_hand_bottle_cap,42
0.0542,,0,0,,0.5,1,,0,0,,0,0,,0,0,,0.15,1,,0,0,,0,0,,0,0,,0,0,,0,0,,0,0,,0,0,,0,0,,0,0,,0.2,1,,0,0,,0,0,,0,0,,0,0,,0,0,,0.4,1,,0,0,,0,0,,0.5,1,,0,0,,0,0,shadow_hand_bottle_cap,42
0.209,,0,0,,0.5,1,,0,0,,0,0,,0,0,,0.15,1,,0,0,,0,0,,0,0,,0,0,,0,0,,0,0,,0,0,,0,0,,0,0,,1.0,1,,0,0,,0,0,,0,0,,0,0,,0,0,,0.4,1,,0,0,,0,0,,0.1,1,,0,0,,0,0,shadow_hand_bottle_cap,42
0.0386,,0,0,,0.5,1,,0,0,,0,0,,0,0,,0.15,1,,0,0,,0,0,,0,0,,0,0,,0,0,,0,0,,0,0,,0,0,,0,0,,1.0,1,,0,0,,0,0,,0,0,,0,0,,0,0,,0.4,1,,0,0,,0,0,,0.5,1,,0,0,,0,0,shadow_hand_bottle_cap,42
0.0151,,0,0,,0.5,1,,0,0,,0,0,,0,0,,0.15,1,,0,0,,0,0,,0,0,,0,0,,0,0,,0,0,,0,0,,0,0,,0,0,,0.2,1,,0,0,,0,0,,0,0,,0,0,,0,0,,1.0,1,,0,0,,0,0,,0.1,1,,0,0,,0,0,shadow_hand_bottle_cap,42
0.0391,,0,0,,0.5,1,,0,0,,0,0,,0,0,,0.15,1,,0,0,,0,0,,0,0,,0,0,,0,0,,0,0,,0,0,,0,0,,0,0,,1.0,1,,0,0,,0,0,,0,0,,0,0,,0,0,,1.0,1,,0,0,,0,0,,0.1,1,,0,0,,0,0,shadow_hand_bottle_cap,42
0.0366,,0,0,,0.5,1,,0,0,,0,0,,0,0,,0.15,1,,0,0,,0,0,,0,0,,0,0,,0,0,,0,0,,0,0,,0,0,,0,0,,1.0,1,,0,0,,0,0,,0,0,,0,0,,0,0,,1.0,1,,0,0,,0,0,,0.5,1,,0,0,,0,0,shadow_hand_bottle_cap,42
0.4204,,0,0,,0.5,1,,0,0,,0,0,,0,0,,0.5,1,,0,0,,0,0,,0,0,,0,0,,0,0,,0,0,,0,0,,0,0,,0,0,,0.2,1,,0,0,,0,0,,0,0,,0,0,,0,0,,0.4,1,,0,0,,0,0,,0.1,1,,0,0,,0,0,shadow_hand_bottle_cap,42
0.1235,,0,0,,0.5,1,,0,0,,0,0,,0,0,,0.5,1,,0,0,,0,0,,0,0,,0,0,,0,0,,0,0,,0,0,,0,0,,0,0,,0.2,1,,0,0,,0,0,,0,0,,0,0,,0,0,,0.4,1,,0,0,,0,0,,0.5,1,,0,0,,0,0,shadow_hand_bottle_cap,42
0.4326,,0,0,,0.5,1,,0,0,,0,0,,0,0,,0.5,1,,0,0,,0,0,,0,0,,0,0,,0,0,,0,0,,0,0,,0,0,,0,0,,1.0,1,,0,0,,0,0,,0,0,,0,0,,0,0,,0.4,1,,0,0,,0,0,,0.1,1,,0,0,,0,0,shadow_hand_bottle_cap,42
0.2466,,0,0,,0.5,1,,0,0,,0,0,,0,0,,0.5,1,,0,0,,0,0,,0,0,,0,0,,0,0,,0,0,,0,0,,0,0,,0,0,,1.0,1,,0,0,,0,0,,0,0,,0,0,,0,0,,0.4,1,,0,0,,0,0,,0.5,1,,0,0,,0,0,shadow_hand_bottle_cap,42
0.0522,,0,0,,0.5,1,,0,0,,0,0,,0,0,,0.5,1,,0,0,,0,0,,0,0,,0,0,,0,0,,0,0,,0,0,,0,0,,0,0,,0.2,1,,0,0,,0,0,,0,0,,0,0,,0,0,,1.0,1,,0,0,,0,0,,0.1,1,,0,0,,0,0,shadow_hand_bottle_cap,42
0.0693,,0,0,,0.5,1,,0,0,,0,0,,0,0,,0.5,1,,0,0,,0,0,,0,0,,0,0,,0,0,,0,0,,0,0,,0,0,,0,0,,0.2,1,,0,0,,0,0,,0,0,,0,0,,0,0,,1.0,1,,0,0,,0,0,,0.5,1,,0,0,,0,0,shadow_hand_bottle_cap,42
0.3301,,0,0,,0.5,1,,0,0,,0,0,,0,0,,0.5,1,,0,0,,0,0,,0,0,,0,0,,0,0,,0,0,,0,0,,0,0,,0,0,,1.0,1,,0,0,,0,0,,0,0,,0,0,,0,0,,1.0,1,,0,0,,0,0,,0.1,1,,0,0,,0,0,shadow_hand_bottle_cap,42
0.04,,0,0,,0.5,1,,0,0,,0,0,,0,0,,0.5,1,,0,0,,0,0,,0,0,,0,0,,0,0,,0,0,,0,0,,0,0,,0,0,,1.0,1,,0,0,,0,0,,0,0,,0,0,,0,0,,1.0,1,,0,0,,0,0,,0.5,1,,0,0,,0,0,shadow_hand_bottle_cap,42
0.6865,,0,0,,0.15,1,,0,0,,0,0,,0,0,,0.15,1,,0,0,,0,0,,0,0,,0,0,,0,0,,0,0,,0,0,,0,0,,0,0,,0,0,,0,0,,0,0,,0,0,,0.2,1,,0,0,,0.4,1,,0,0,,0,0,,0.1,1,,0,0,,0,0,shadow_hand_bottle_cap,42
0.0713,,0,0,,0.15,1,,0,0,,0,0,,0,0,,0.15,1,,0,0,,0,0,,0,0,,0,0,,0,0,,0,0,,0,0,,0,0,,0,0,,0,0,,0,0,,0,0,,0,0,,0.2,1,,0,0,,0.4,1,,0,0,,0,0,,0.5,1,,0,0,,0,0,shadow_hand_bottle_cap,42
0.0654,,0,0,,0.15,1,,0,0,,0,0,,0,0,,0.15,1,,0,0,,0,0,,0,0,,0,0,,0,0,,0,0,,0,0,,0,0,,0,0,,0,0,,0,0,,0,0,,0,0,,1.0,1,,0,0,,0.4,1,,0,0,,0,0,,0.1,1,,0,0,,0,0,shadow_hand_bottle_cap,42
0.0391,,0,0,,0.15,1,,0,0,,0,0,,0,0,,0.15,1,,0,0,,0,0,,0,0,,0,0,,0,0,,0,0,,0,0,,0,0,,0,0,,0,0,,0,0,,0,0,,0,0,,1.0,1,,0,0,,0.4,1,,0,0,,0,0,,0.5,1,,0,0,,0,0,shadow_hand_bottle_cap,42
0.0566,,0,0,,0.15,1,,0,0,,0,0,,0,0,,0.15,1,,0,0,,0,0,,0,0,,0,0,,0,0,,0,0,,0,0,,0,0,,0,0,,0,0,,0,0,,0,0,,0,0,,0.2,1,,0,0,,1.0,1,,0,0,,0,0,,0.1,1,,0,0,,0,0,shadow_hand_bottle_cap,42
0.6836,,0,0,,0.15,1,,0,0,,0,0,,0,0,,0.15,1,,0,0,,0,0,,0,0,,0,0,,0,0,,0,0,,0,0,,0,0,,0,0,,0,0,,0,0,,0,0,,0,0,,0.2,1,,0,0,,1.0,1,,0,0,,0,0,,0.5,1,,0,0,,0,0,shadow_hand_bottle_cap,42
0.2002,,0,0,,0.15,1,,0,0,,0,0,,0,0,,0.15,1,,0,0,,0,0,,0,0,,0,0,,0,0,,0,0,,0,0,,0,0,,0,0,,0,0,,0,0,,0,0,,0,0,,1.0,1,,0,0,,1.0,1,,0,0,,0,0,,0.1,1,,0,0,,0,0,shadow_hand_bottle_cap,42
0.6543,,0,0,,0.15,1,,0,0,,0,0,,0,0,,0.15,1,,0,0,,0,0,,0,0,,0,0,,0,0,,0,0,,0,0,,0,0,,0,0,,0,0,,0,0,,0,0,,0,0,,1.0,1,,0,0,,1.0,1,,0,0,,0,0,,0.5,1,,0,0,,0,0,shadow_hand_bottle_cap,42
0.1865,,0,0,,0.15,1,,0,0,,0,0,,0,0,,0.5,1,,0,0,,0,0,,0,0,,0,0,,0,0,,0,0,,0,0,,0,0,,0,0,,0,0,,0,0,,0,0,,0,0,,0.2,1,,0,0,,0.4,1,,0,0,,0,0,,0.1,1,,0,0,,0,0,shadow_hand_bottle_cap,42
0.1333,,0,0,,0.15,1,,0,0,,0,0,,0,0,,0.5,1,,0,0,,0,0,,0,0,,0,0,,0,0,,0,0,,0,0,,0,0,,0,0,,0,0,,0,0,,0,0,,0,0,,0.2,1,,0,0,,0.4,1,,0,0,,0,0,,0.5,1,,0,0,,0,0,shadow_hand_bottle_cap,42
0.1699,,0,0,,0.15,1,,0,0,,0,0,,0,0,,0.5,1,,0,0,,0,0,,0,0,,0,0,,0,0,,0,0,,0,0,,0,0,,0,0,,0,0,,0,0,,0,0,,0,0,,1.0,1,,0,0,,0.4,1,,0,0,,0,0,,0.1,1,,0,0,,0,0,shadow_hand_bottle_cap,42
0.1587,,0,0,,0.15,1,,0,0,,0,0,,0,0,,0.5,1,,0,0,,0,0,,0,0,,0,0,,0,0,,0,0,,0,0,,0,0,,0,0,,0,0,,0,0,,0,0,,0,0,,1.0,1,,0,0,,0.4,1,,0,0,,0,0,,0.5,1,,0,0,,0,0,shadow_hand_bottle_cap,42
0.2505,,0,0,,0.15,1,,0,0,,0,0,,0,0,,0.5,1,,0,0,,0,0,,0,0,,0,0,,0,0,,0,0,,0,0,,0,0,,0,0,,0,0,,0,0,,0,0,,0,0,,0.2,1,,0,0,,1.0,1,,0,0,,0,0,,0.1,1,,0,0,,0,0,shadow_hand_bottle_cap,42
0.0664,,0,0,,0.15,1,,0,0,,0,0,,0,0,,0.5,1,,0,0,,0,0,,0,0,,0,0,,0,0,,0,0,,0,0,,0,0,,0,0,,0,0,,0,0,,0,0,,0,0,,0.2,1,,0,0,,1.0,1,,0,0,,0,0,,0.5,1,,0,0,,0,0,shadow_hand_bottle_cap,42
0.147,,0,0,,0.15,1,,0,0,,0,0,,0,0,,0.5,1,,0,0,,0,0,,0,0,,0,0,,0,0,,0,0,,0,0,,0,0,,0,0,,0,0,,0,0,,0,0,,0,0,,1.0,1,,0,0,,1.0,1,,0,0,,0,0,,0.1,1,,0,0,,0,0,shadow_hand_bottle_cap,42
0.5054,,0,0,,0.15,1,,0,0,,0,0,,0,0,,0.5,1,,0,0,,0,0,,0,0,,0,0,,0,0,,0,0,,0,0,,0,0,,0,0,,0,0,,0,0,,0,0,,0,0,,1.0,1,,0,0,,1.0,1,,0,0,,0,0,,0.5,1,,0,0,,0,0,shadow_hand_bottle_cap,42
0.1416,,0,0,,0.5,1,,0,0,,0,0,,0,0,,0.15,1,,0,0,,0,0,,0,0,,0,0,,0,0,,0,0,,0,0,,0,0,,0,0,,0,0,,0,0,,0,0,,0,0,,0.2,1,,0,0,,0.4,1,,0,0,,0,0,,0.1,1,,0,0,,0,0,shadow_hand_bottle_cap,42
0.1108,,0,0,,0.5,1,,0,0,,0,0,,0,0,,0.15,1,,0,0,,0,0,,0,0,,0,0,,0,0,,0,0,,0,0,,0,0,,0,0,,0,0,,0,0,,0,0,,0,0,,0.2,1,,0,0,,0.4,1,,0,0,,0,0,,0.5,1,,0,0,,0,0,shadow_hand_bottle_cap,42
0.1362,,0,0,,0.5,1,,0,0,,0,0,,0,0,,0.15,1,,0,0,,0,0,,0,0,,0,0,,0,0,,0,0,,0,0,,0,0,,0,0,,0,0,,0,0,,0,0,,0,0,,1.0,1,,0,0,,0.4,1,,0,0,,0,0,,0.1,1,,0,0,,0,0,shadow_hand_bottle_cap,42
0.5562,,0,0,,0.5,1,,0,0,,0,0,,0,0,,0.15,1,,0,0,,0,0,,0,0,,0,0,,0,0,,0,0,,0,0,,0,0,,0,0,,0,0,,0,0,,0,0,,0,0,,1.0,1,,0,0,,0.4,1,,0,0,,0,0,,0.5,1,,0,0,,0,0,shadow_hand_bottle_cap,42
0.0425,,0,0,,0.5,1,,0,0,,0,0,,0,0,,0.15,1,,0,0,,0,0,,0,0,,0,0,,0,0,,0,0,,0,0,,0,0,,0,0,,0,0,,0,0,,0,0,,0,0,,0.2,1,,0,0,,1.0,1,,0,0,,0,0,,0.1,1,,0,0,,0,0,shadow_hand_bottle_cap,42
0.084,,0,0,,0.5,1,,0,0,,0,0,,0,0,,0.15,1,,0,0,,0,0,,0,0,,0,0,,0,0,,0,0,,0,0,,0,0,,0,0,,0,0,,0,0,,0,0,,0,0,,0.2,1,,0,0,,1.0,1,,0,0,,0,0,,0.5,1,,0,0,,0,0,shadow_hand_bottle_cap,42
0.4849,,0,0,,0.5,1,,0,0,,0,0,,0,0,,0.15,1,,0,0,,0,0,,0,0,,0,0,,0,0,,0,0,,0,0,,0,0,,0,0,,0,0,,0,0,,0,0,,0,0,,1.0,1,,0,0,,1.0,1,,0,0,,0,0,,0.1,1,,0,0,,0,0,shadow_hand_bottle_cap,42
0.0195,,0,0,,0.5,1,,0,0,,0,0,,0,0,,0.15,1,,0,0,,0,0,,0,0,,0,0,,0,0,,0,0,,0,0,,0,0,,0,0,,0,0,,0,0,,0,0,,0,0,,1.0,1,,0,0,,1.0,1,,0,0,,0,0,,0.5,1,,0,0,,0,0,shadow_hand_bottle_cap,42
0.2188,,0,0,,0.5,1,,0,0,,0,0,,0,0,,0.5,1,,0,0,,0,0,,0,0,,0,0,,0,0,,0,0,,0,0,,0,0,,0,0,,0,0,,0,0,,0,0,,0,0,,0.2,1,,0,0,,0.4,1,,0,0,,0,0,,0.1,1,,0,0,,0,0,shadow_hand_bottle_cap,42
0.1113,,0,0,,0.5,1,,0,0,,0,0,,0,0,,0.5,1,,0,0,,0,0,,0,0,,0,0,,0,0,,0,0,,0,0,,0,0,,0,0,,0,0,,0,0,,0,0,,0,0,,0.2,1,,0,0,,0.4,1,,0,0,,0,0,,0.5,1,,0,0,,0,0,shadow_hand_bottle_cap,42
0.1445,,0,0,,0.5,1,,0,0,,0,0,,0,0,,0.5,1,,0,0,,0,0,,0,0,,0,0,,0,0,,0,0,,0,0,,0,0,,0,0,,0,0,,0,0,,0,0,,0,0,,1.0,1,,0,0,,0.4,1,,0,0,,0,0,,0.1,1,,0,0,,0,0,shadow_hand_bottle_cap,42
0.4463,,0,0,,0.5,1,,0,0,,0,0,,0,0,,0.5,1,,0,0,,0,0,,0,0,,0,0,,0,0,,0,0,,0,0,,0,0,,0,0,,0,0,,0,0,,0,0,,0,0,,1.0,1,,0,0,,0.4,1,,0,0,,0,0,,0.5,1,,0,0,,0,0,shadow_hand_bottle_cap,42
0.0405,,0,0,,0.5,1,,0,0,,0,0,,0,0,,0.5,1,,0,0,,0,0,,0,0,,0,0,,0,0,,0,0,,0,0,,0,0,,0,0,,0,0,,0,0,,0,0,,0,0,,0.2,1,,0,0,,1.0,1,,0,0,,0,0,,0.1,1,,0,0,,0,0,shadow_hand_bottle_cap,42
0.1513,,0,0,,0.5,1,,0,0,,0,0,,0,0,,0.5,1,,0,0,,0,0,,0,0,,0,0,,0,0,,0,0,,0,0,,0,0,,0,0,,0,0,,0,0,,0,0,,0,0,,0.2,1,,0,0,,1.0,1,,0,0,,0,0,,0.5,1,,0,0,,0,0,shadow_hand_bottle_cap,42
0.1143,,0,0,,0.5,1,,0,0,,0,0,,0,0,,0.5,1,,0,0,,0,0,,0,0,,0,0,,0,0,,0,0,,0,0,,0,0,,0,0,,0,0,,0,0,,0,0,,0,0,,1.0,1,,0,0,,1.0,1,,0,0,,0,0,,0.1,1,,0,0,,0,0,shadow_hand_bottle_cap,42
0.0415,,0,0,,0.5,1,,0,0,,0,0,,0,0,,0.5,1,,0,0,,0,0,,0,0,,0,0,,0,0,,0,0,,0,0,,0,0,,0,0,,0,0,,0,0,,0,0,,0,0,,1.0,1,,0,0,,1.0,1,,0,0,,0,0,,0.5,1,,0,0,,0,0,shadow_hand_bottle_cap,42
0.0317,,0,0,,0.2,1,,0,0,,0,0,,0,0,,0.2,1,,0,0,,0,0,,0,0,,0,0,,0,0,,0,0,,0,0,,0,0,,0,0,,0.15,1,,0.15,1,,0,0,,0,0,,0,0,,0,0,,0.3,1,,0,0,,0,0,,0.1,1,,0,0,,0,0,shadow_hand_bottle_cap,42
0.0522,,0,0,,0.2,1,,0,0,,0,0,,0,0,,0.2,1,,0,0,,0,0,,0,0,,0,0,,0,0,,0,0,,0,0,,0,0,,0,0,,0.15,1,,0.15,1,,0,0,,0,0,,0,0,,0,0,,0.3,1,,0,0,,0,0,,0.5,1,,0,0,,0,0,shadow_hand_bottle_cap,42
0.5322,,0,0,,0.2,1,,0,0,,0,0,,0,0,,0.2,1,,0,0,,0,0,,0,0,,0,0,,0,0,,0,0,,0,0,,0,0,,0,0,,0.15,1,,0.5,1,,0,0,,0,0,,0,0,,0,0,,0.3,1,,0,0,,0,0,,0.1,1,,0,0,,0,0,shadow_hand_bottle_cap,42
0.2817,,0,0,,0.2,1,,0,0,,0,0,,0,0,,0.2,1,,0,0,,0,0,,0,0,,0,0,,0,0,,0,0,,0,0,,0,0,,0,0,,0.15,1,,0.5,1,,0,0,,0,0,,0,0,,0,0,,0.3,1,,0,0,,0,0,,0.5,1,,0,0,,0,0,shadow_hand_bottle_cap,42
0.1636,,0,0,,0.2,1,,0,0,,0,0,,0,0,,0.2,1,,0,0,,0,0,,0,0,,0,0,,0,0,,0,0,,0,0,,0,0,,0,0,,0.5,1,,0.15,1,,0,0,,0,0,,0,0,,0,0,,0.3,1,,0,0,,0,0,,0.1,1,,0,0,,0,0,shadow_hand_bottle_cap,42
0.0503,,0,0,,0.2,1,,0,0,,0,0,,0,0,,0.2,1,,0,0,,0,0,,0,0,,0,0,,0,0,,0,0,,0,0,,0,0,,0,0,,0.5,1,,0.15,1,,0,0,,0,0,,0,0,,0,0,,0.3,1,,0,0,,0,0,,0.5,1,,0,0,,0,0,shadow_hand_bottle_cap,42
0.3159,,0,0,,0.2,1,,0,0,,0,0,,0,0,,0.2,1,,0,0,,0,0,,0,0,,0,0,,0,0,,0,0,,0,0,,0,0,,0,0,,0.5,1,,0.5,1,,0,0,,0,0,,0,0,,0,0,,0.3,1,,0,0,,0,0,,0.1,1,,0,0,,0,0,shadow_hand_bottle_cap,42
0.0581,,0,0,,0.2,1,,0,0,,0,0,,0,0,,0.2,1,,0,0,,0,0,,0,0,,0,0,,0,0,,0,0,,0,0,,0,0,,0,0,,0.5,1,,0.5,1,,0,0,,0,0,,0,0,,0,0,,0.3,1,,0,0,,0,0,,0.5,1,,0,0,,0,0,shadow_hand_bottle_cap,42
0.2974,,0,0,,0.2,1,,0,0,,0,0,,0,0,,0.2,1,,0,0,,0,0,,0,0,,0,0,,0,0,,0,0,,0,0,,0,0,,0,0,,0.15,1,,0.15,1,,0,0,,0,0,,0,0,,0,0,,1.0,1,,0,0,,0,0,,0.1,1,,0,0,,0,0,shadow_hand_bottle_cap,42
0.2031,,0,0,,0.2,1,,0,0,,0,0,,0,0,,0.2,1,,0,0,,0,0,,0,0,,0,0,,0,0,,0,0,,0,0,,0,0,,0,0,,0.15,1,,0.15,1,,0,0,,0,0,,0,0,,0,0,,1.0,1,,0,0,,0,0,,0.5,1,,0,0,,0,0,shadow_hand_bottle_cap,42
0.2393,,0,0,,0.2,1,,0,0,,0,0,,0,0,,0.2,1,,0,0,,0,0,,0,0,,0,0,,0,0,,0,0,,0,0,,0,0,,0,0,,0.15,1,,0.5,1,,0,0,,0,0,,0,0,,0,0,,1.0,1,,0,0,,0,0,,0.1,1,,0,0,,0,0,shadow_hand_bottle_cap,42
0.1333,,0,0,,0.2,1,,0,0,,0,0,,0,0,,0.2,1,,0,0,,0,0,,0,0,,0,0,,0,0,,0,0,,0,0,,0,0,,0,0,,0.15,1,,0.5,1,,0,0,,0,0,,0,0,,0,0,,1.0,1,,0,0,,0,0,,0.5,1,,0,0,,0,0,shadow_hand_bottle_cap,42
0.5259,,0,0,,0.2,1,,0,0,,0,0,,0,0,,0.2,1,,0,0,,0,0,,0,0,,0,0,,0,0,,0,0,,0,0,,0,0,,0,0,,0.5,1,,0.15,1,,0,0,,0,0,,0,0,,0,0,,1.0,1,,0,0,,0,0,,0.1,1,,0,0,,0,0,shadow_hand_bottle_cap,42
0.1377,,0,0,,0.2,1,,0,0,,0,0,,0,0,,0.2,1,,0,0,,0,0,,0,0,,0,0,,0,0,,0,0,,0,0,,0,0,,0,0,,0.5,1,,0.15,1,,0,0,,0,0,,0,0,,0,0,,1.0,1,,0,0,,0,0,,0.5,1,,0,0,,0,0,shadow_hand_bottle_cap,42
0.2788,,0,0,,0.2,1,,0,0,,0,0,,0,0,,0.2,1,,0,0,,0,0,,0,0,,0,0,,0,0,,0,0,,0,0,,0,0,,0,0,,0.5,1,,0.5,1,,0,0,,0,0,,0,0,,0,0,,1.0,1,,0,0,,0,0,,0.1,1,,0,0,,0,0,shadow_hand_bottle_cap,42
0.063,,0,0,,0.2,1,,0,0,,0,0,,0,0,,0.2,1,,0,0,,0,0,,0,0,,0,0,,0,0,,0,0,,0,0,,0,0,,0,0,,0.5,1,,0.5,1,,0,0,,0,0,,0,0,,0,0,,1.0,1,,0,0,,0,0,,0.5,1,,0,0,,0,0,shadow_hand_bottle_cap,42
0.0786,,0,0,,0.2,1,,0,0,,0,0,,0,0,,0.5,1,,0,0,,0,0,,0,0,,0,0,,0,0,,0,0,,0,0,,0,0,,0,0,,0.15,1,,0.15,1,,0,0,,0,0,,0,0,,0,0,,0.3,1,,0,0,,0,0,,0.1,1,,0,0,,0,0,shadow_hand_bottle_cap,42
0.3203,,0,0,,0.2,1,,0,0,,0,0,,0,0,,0.5,1,,0,0,,0,0,,0,0,,0,0,,0,0,,0,0,,0,0,,0,0,,0,0,,0.15,1,,0.15,1,,0,0,,0,0,,0,0,,0,0,,0.3,1,,0,0,,0,0,,0.5,1,,0,0,,0,0,shadow_hand_bottle_cap,42
0.2944,,0,0,,0.2,1,,0,0,,0,0,,0,0,,0.5,1,,0,0,,0,0,,0,0,,0,0,,0,0,,0,0,,0,0,,0,0,,0,0,,0.15,1,,0.5,1,,0,0,,0,0,,0,0,,0,0,,0.3,1,,0,0,,0,0,,0.1,1,,0,0,,0,0,shadow_hand_bottle_cap,42
0.4668,,0,0,,0.2,1,,0,0,,0,0,,0,0,,0.5,1,,0,0,,0,0,,0,0,,0,0,,0,0,,0,0,,0,0,,0,0,,0,0,,0.15,1,,0.5,1,,0,0,,0,0,,0,0,,0,0,,0.3,1,,0,0,,0,0,,0.5,1,,0,0,,0,0,shadow_hand_bottle_cap,42
0.2231,,0,0,,0.2,1,,0,0,,0,0,,0,0,,0.5,1,,0,0,,0,0,,0,0,,0,0,,0,0,,0,0,,0,0,,0,0,,0,0,,0.5,1,,0.15,1,,0,0,,0,0,,0,0,,0,0,,0.3,1,,0,0,,0,0,,0.1,1,,0,0,,0,0,shadow_hand_bottle_cap,42
0.4321,,0,0,,0.2,1,,0,0,,0,0,,0,0,,0.5,1,,0,0,,0,0,,0,0,,0,0,,0,0,,0,0,,0,0,,0,0,,0,0,,0.5,1,,0.15,1,,0,0,,0,0,,0,0,,0,0,,0.3,1,,0,0,,0,0,,0.5,1,,0,0,,0,0,shadow_hand_bottle_cap,42
0.2354,,0,0,,0.2,1,,0,0,,0,0,,0,0,,0.5,1,,0,0,,0,0,,0,0,,0,0,,0,0,,0,0,,0,0,,0,0,,0,0,,0.5,1,,0.5,1,,0,0,,0,0,,0,0,,0,0,,0.3,1,,0,0,,0,0,,0.1,1,,0,0,,0,0,shadow_hand_bottle_cap,42
0.1675,,0,0,,0.2,1,,0,0,,0,0,,0,0,,0.5,1,,0,0,,0,0,,0,0,,0,0,,0,0,,0,0,,0,0,,0,0,,0,0,,0.5,1,,0.5,1,,0,0,,0,0,,0,0,,0,0,,0.3,1,,0,0,,0,0,,0.5,1,,0,0,,0,0,shadow_hand_bottle_cap,42
0.1494,,0,0,,0.2,1,,0,0,,0,0,,0,0,,0.5,1,,0,0,,0,0,,0,0,,0,0,,0,0,,0,0,,0,0,,0,0,,0,0,,0.15,1,,0.15,1,,0,0,,0,0,,0,0,,0,0,,1.0,1,,0,0,,0,0,,0.1,1,,0,0,,0,0,shadow_hand_bottle_cap,42
0.1475,,0,0,,0.2,1,,0,0,,0,0,,0,0,,0.5,1,,0,0,,0,0,,0,0,,0,0,,0,0,,0,0,,0,0,,0,0,,0,0,,0.15,1,,0.15,1,,0,0,,0,0,,0,0,,0,0,,1.0,1,,0,0,,0,0,,0.5,1,,0,0,,0,0,shadow_hand_bottle_cap,42
0.1938,,0,0,,0.2,1,,0,0,,0,0,,0,0,,0.5,1,,0,0,,0,0,,0,0,,0,0,,0,0,,0,0,,0,0,,0,0,,0,0,,0.15,1,,0.5,1,,0,0,,0,0,,0,0,,0,0,,1.0,1,,0,0,,0,0,,0.1,1,,0,0,,0,0,shadow_hand_bottle_cap,42
0.3369,,0,0,,0.2,1,,0,0,,0,0,,0,0,,0.5,1,,0,0,,0,0,,0,0,,0,0,,0,0,,0,0,,0,0,,0,0,,0,0,,0.15,1,,0.5,1,,0,0,,0,0,,0,0,,0,0,,1.0,1,,0,0,,0,0,,0.5,1,,0,0,,0,0,shadow_hand_bottle_cap,42
0.1699,,0,0,,0.2,1,,0,0,,0,0,,0,0,,0.5,1,,0,0,,0,0,,0,0,,0,0,,0,0,,0,0,,0,0,,0,0,,0,0,,0.5,1,,0.15,1,,0,0,,0,0,,0,0,,0,0,,1.0,1,,0,0,,0,0,,0.1,1,,0,0,,0,0,shadow_hand_bottle_cap,42
0.061,,0,0,,0.2,1,,0,0,,0,0,,0,0,,0.5,1,,0,0,,0,0,,0,0,,0,0,,0,0,,0,0,,0,0,,0,0,,0,0,,0.5,1,,0.15,1,,0,0,,0,0,,0,0,,0,0,,1.0,1,,0,0,,0,0,,0.5,1,,0,0,,0,0,shadow_hand_bottle_cap,42
0.251,,0,0,,0.2,1,,0,0,,0,0,,0,0,,0.5,1,,0,0,,0,0,,0,0,,0,0,,0,0,,0,0,,0,0,,0,0,,0,0,,0.5,1,,0.5,1,,0,0,,0,0,,0,0,,0,0,,1.0,1,,0,0,,0,0,,0.1,1,,0,0,,0,0,shadow_hand_bottle_cap,42
0.0732,,0,0,,0.2,1,,0,0,,0,0,,0,0,,0.5,1,,0,0,,0,0,,0,0,,0,0,,0,0,,0,0,,0,0,,0,0,,0,0,,0.5,1,,0.5,1,,0,0,,0,0,,0,0,,0,0,,1.0,1,,0,0,,0,0,,0.5,1,,0,0,,0,0,shadow_hand_bottle_cap,42
0.0127,,0,0,,1.0,1,,0,0,,0,0,,0,0,,0.2,1,,0,0,,0,0,,0,0,,0,0,,0,0,,0,0,,0,0,,0,0,,0,0,,0.15,1,,0.15,1,,0,0,,0,0,,0,0,,0,0,,0.3,1,,0,0,,0,0,,0.1,1,,0,0,,0,0,shadow_hand_bottle_cap,42
0.0176,,0,0,,1.0,1,,0,0,,0,0,,0,0,,0.2,1,,0,0,,0,0,,0,0,,0,0,,0,0,,0,0,,0,0,,0,0,,0,0,,0.15,1,,0.15,1,,0,0,,0,0,,0,0,,0,0,,0.3,1,,0,0,,0,0,,0.5,1,,0,0,,0,0,shadow_hand_bottle_cap,42
0.1558,,0,0,,1.0,1,,0,0,,0,0,,0,0,,0.2,1,,0,0,,0,0,,0,0,,0,0,,0,0,,0,0,,0,0,,0,0,,0,0,,0.15,1,,0.5,1,,0,0,,0,0,,0,0,,0,0,,0.3,1,,0,0,,0,0,,0.1,1,,0,0,,0,0,shadow_hand_bottle_cap,42
0.0142,,0,0,,1.0,1,,0,0,,0,0,,0,0,,0.2,1,,0,0,,0,0,,0,0,,0,0,,0,0,,0,0,,0,0,,0,0,,0,0,,0.15,1,,0.5,1,,0,0,,0,0,,0,0,,0,0,,0.3,1,,0,0,,0,0,,0.5,1,,0,0,,0,0,shadow_hand_bottle_cap,42
0.1387,,0,0,,1.0,1,,0,0,,0,0,,0,0,,0.2,1,,0,0,,0,0,,0,0,,0,0,,0,0,,0,0,,0,0,,0,0,,0,0,,0.5,1,,0.15,1,,0,0,,0,0,,0,0,,0,0,,0.3,1,,0,0,,0,0,,0.1,1,,0,0,,0,0,shadow_hand_bottle_cap,42
0.0229,,0,0,,1.0,1,,0,0,,0,0,,0,0,,0.2,1,,0,0,,0,0,,0,0,,0,0,,0,0,,0,0,,0,0,,0,0,,0,0,,0.5,1,,0.15,1,,0,0,,0,0,,0,0,,0,0,,0.3,1,,0,0,,0,0,,0.5,1,,0,0,,0,0,shadow_hand_bottle_cap,42
0.1587,,0,0,,1.0,1,,0,0,,0,0,,0,0,,0.2,1,,0,0,,0,0,,0,0,,0,0,,0,0,,0,0,,0,0,,0,0,,0,0,,0.5,1,,0.5,1,,0,0,,0,0,,0,0,,0,0,,0.3,1,,0,0,,0,0,,0.1,1,,0,0,,0,0,shadow_hand_bottle_cap,42
0.231,,0,0,,1.0,1,,0,0,,0,0,,0,0,,0.2,1,,0,0,,0,0,,0,0,,0,0,,0,0,,0,0,,0,0,,0,0,,0,0,,0.5,1,,0.5,1,,0,0,,0,0,,0,0,,0,0,,0.3,1,,0,0,,0,0,,0.5,1,,0,0,,0,0,shadow_hand_bottle_cap,42
0.4399,,0,0,,1.0,1,,0,0,,0,0,,0,0,,0.2,1,,0,0,,0,0,,0,0,,0,0,,0,0,,0,0,,0,0,,0,0,,0,0,,0.15,1,,0.15,1,,0,0,,0,0,,0,0,,0,0,,1.0,1,,0,0,,0,0,,0.1,1,,0,0,,0,0,shadow_hand_bottle_cap,42
0.0786,,0,0,,1.0,1,,0,0,,0,0,,0,0,,0.2,1,,0,0,,0,0,,0,0,,0,0,,0,0,,0,0,,0,0,,0,0,,0,0,,0.15,1,,0.15,1,,0,0,,0,0,,0,0,,0,0,,1.0,1,,0,0,,0,0,,0.5,1,,0,0,,0,0,shadow_hand_bottle_cap,42
0.1396,,0,0,,1.0,1,,0,0,,0,0,,0,0,,0.2,1,,0,0,,0,0,,0,0,,0,0,,0,0,,0,0,,0,0,,0,0,,0,0,,0.15,1,,0.5,1,,0,0,,0,0,,0,0,,0,0,,1.0,1,,0,0,,0,0,,0.1,1,,0,0,,0,0,shadow_hand_bottle_cap,42
0.0425,,0,0,,1.0,1,,0,0,,0,0,,0,0,,0.2,1,,0,0,,0,0,,0,0,,0,0,,0,0,,0,0,,0,0,,0,0,,0,0,,0.15,1,,0.5,1,,0,0,,0,0,,0,0,,0,0,,1.0,1,,0,0,,0,0,,0.5,1,,0,0,,0,0,shadow_hand_bottle_cap,42
0.2031,,0,0,,1.0,1,,0,0,,0,0,,0,0,,0.2,1,,0,0,,0,0,,0,0,,0,0,,0,0,,0,0,,0,0,,0,0,,0,0,,0.5,1,,0.15,1,,0,0,,0,0,,0,0,,0,0,,1.0,1,,0,0,,0,0,,0.1,1,,0,0,,0,0,shadow_hand_bottle_cap,42
0.1099,,0,0,,1.0,1,,0,0,,0,0,,0,0,,0.2,1,,0,0,,0,0,,0,0,,0,0,,0,0,,0,0,,0,0,,0,0,,0,0,,0.5,1,,0.15,1,,0,0,,0,0,,0,0,,0,0,,1.0,1,,0,0,,0,0,,0.5,1,,0,0,,0,0,shadow_hand_bottle_cap,42
0.3755,,0,0,,1.0,1,,0,0,,0,0,,0,0,,0.2,1,,0,0,,0,0,,0,0,,0,0,,0,0,,0,0,,0,0,,0,0,,0,0,,0.5,1,,0.5,1,,0,0,,0,0,,0,0,,0,0,,1.0,1,,0,0,,0,0,,0.1,1,,0,0,,0,0,shadow_hand_bottle_cap,42
0.02,,0,0,,1.0,1,,0,0,,0,0,,0,0,,0.2,1,,0,0,,0,0,,0,0,,0,0,,0,0,,0,0,,0,0,,0,0,,0,0,,0.5,1,,0.5,1,,0,0,,0,0,,0,0,,0,0,,1.0,1,,0,0,,0,0,,0.5,1,,0,0,,0,0,shadow_hand_bottle_cap,42
0.6294,,0,0,,1.0,1,,0,0,,0,0,,0,0,,0.5,1,,0,0,,0,0,,0,0,,0,0,,0,0,,0,0,,0,0,,0,0,,0,0,,0.15,1,,0.15,1,,0,0,,0,0,,0,0,,0,0,,0.3,1,,0,0,,0,0,,0.1,1,,0,0,,0,0,shadow_hand_bottle_cap,42
0.23,,0,0,,1.0,1,,0,0,,0,0,,0,0,,0.5,1,,0,0,,0,0,,0,0,,0,0,,0,0,,0,0,,0,0,,0,0,,0,0,,0.15,1,,0.15,1,,0,0,,0,0,,0,0,,0,0,,0.3,1,,0,0,,0,0,,0.5,1,,0,0,,0,0,shadow_hand_bottle_cap,42
0.1416,,0,0,,1.0,1,,0,0,,0,0,,0,0,,0.5,1,,0,0,,0,0,,0,0,,0,0,,0,0,,0,0,,0,0,,0,0,,0,0,,0.15,1,,0.5,1,,0,0,,0,0,,0,0,,0,0,,0.3,1,,0,0,,0,0,,0.1,1,,0,0,,0,0,shadow_hand_bottle_cap,42
0.3442,,0,0,,1.0,1,,0,0,,0,0,,0,0,,0.5,1,,0,0,,0,0,,0,0,,0,0,,0,0,,0,0,,0,0,,0,0,,0,0,,0.15,1,,0.5,1,,0,0,,0,0,,0,0,,0,0,,0.3,1,,0,0,,0,0,,0.5,1,,0,0,,0,0,shadow_hand_bottle_cap,42
0.1543,,0,0,,1.0,1,,0,0,,0,0,,0,0,,0.5,1,,0,0,,0,0,,0,0,,0,0,,0,0,,0,0,,0,0,,0,0,,0,0,,0.5,1,,0.15,1,,0,0,,0,0,,0,0,,0,0,,0.3,1,,0,0,,0,0,,0.1,1,,0,0,,0,0,shadow_hand_bottle_cap,42
0.2114,,0,0,,1.0,1,,0,0,,0,0,,0,0,,0.5,1,,0,0,,0,0,,0,0,,0,0,,0,0,,0,0,,0,0,,0,0,,0,0,,0.5,1,,0.15,1,,0,0,,0,0,,0,0,,0,0,,0.3,1,,0,0,,0,0,,0.5,1,,0,0,,0,0,shadow_hand_bottle_cap,42
0.4194,,0,0,,1.0,1,,0,0,,0,0,,0,0,,0.5,1,,0,0,,0,0,,0,0,,0,0,,0,0,,0,0,,0,0,,0,0,,0,0,,0.5,1,,0.5,1,,0,0,,0,0,,0,0,,0,0,,0.3,1,,0,0,,0,0,,0.1,1,,0,0,,0,0,shadow_hand_bottle_cap,42
0.4292,,0,0,,1.0,1,,0,0,,0,0,,0,0,,0.5,1,,0,0,,0,0,,0,0,,0,0,,0,0,,0,0,,0,0,,0,0,,0,0,,0.5,1,,0.5,1,,0,0,,0,0,,0,0,,0,0,,0.3,1,,0,0,,0,0,,0.5,1,,0,0,,0,0,shadow_hand_bottle_cap,42
0.2822,,0,0,,1.0,1,,0,0,,0,0,,0,0,,0.5,1,,0,0,,0,0,,0,0,,0,0,,0,0,,0,0,,0,0,,0,0,,0,0,,0.15,1,,0.15,1,,0,0,,0,0,,0,0,,0,0,,1.0,1,,0,0,,0,0,,0.1,1,,0,0,,0,0,shadow_hand_bottle_cap,42
0.1963,,0,0,,1.0,1,,0,0,,0,0,,0,0,,0.5,1,,0,0,,0,0,,0,0,,0,0,,0,0,,0,0,,0,0,,0,0,,0,0,,0.15,1,,0.15,1,,0,0,,0,0,,0,0,,0,0,,1.0,1,,0,0,,0,0,,0.5,1,,0,0,,0,0,shadow_hand_bottle_cap,42
0.1011,,0,0,,1.0,1,,0,0,,0,0,,0,0,,0.5,1,,0,0,,0,0,,0,0,,0,0,,0,0,,0,0,,0,0,,0,0,,0,0,,0.15,1,,0.5,1,,0,0,,0,0,,0,0,,0,0,,1.0,1,,0,0,,0,0,,0.1,1,,0,0,,0,0,shadow_hand_bottle_cap,42
0.1221,,0,0,,1.0,1,,0,0,,0,0,,0,0,,0.5,1,,0,0,,0,0,,0,0,,0,0,,0,0,,0,0,,0,0,,0,0,,0,0,,0.15,1,,0.5,1,,0,0,,0,0,,0,0,,0,0,,1.0,1,,0,0,,0,0,,0.5,1,,0,0,,0,0,shadow_hand_bottle_cap,42
0.1138,,0,0,,1.0,1,,0,0,,0,0,,0,0,,0.5,1,,0,0,,0,0,,0,0,,0,0,,0,0,,0,0,,0,0,,0,0,,0,0,,0.5,1,,0.15,1,,0,0,,0,0,,0,0,,0,0,,1.0,1,,0,0,,0,0,,0.1,1,,0,0,,0,0,shadow_hand_bottle_cap,42
0.1206,,0,0,,1.0,1,,0,0,,0,0,,0,0,,0.5,1,,0,0,,0,0,,0,0,,0,0,,0,0,,0,0,,0,0,,0,0,,0,0,,0.5,1,,0.15,1,,0,0,,0,0,,0,0,,0,0,,1.0,1,,0,0,,0,0,,0.5,1,,0,0,,0,0,shadow_hand_bottle_cap,42
0.188,,0,0,,1.0,1,,0,0,,0,0,,0,0,,0.5,1,,0,0,,0,0,,0,0,,0,0,,0,0,,0,0,,0,0,,0,0,,0,0,,0.5,1,,0.5,1,,0,0,,0,0,,0,0,,0,0,,1.0,1,,0,0,,0,0,,0.1,1,,0,0,,0,0,shadow_hand_bottle_cap,42
0.0449,,0,0,,1.0,1,,0,0,,0,0,,0,0,,0.5,1,,0,0,,0,0,,0,0,,0,0,,0,0,,0,0,,0,0,,0,0,,0,0,,0.5,1,,0.5,1,,0,0,,0,0,,0,0,,0,0,,1.0,1,,0,0,,0,0,,0.5,1,,0,0,,0,0,shadow_hand_bottle_cap,42
