score,r_fingertip_object_reward,w_fingertip_object_reward,active_fingertip_object_reward,r_fingertip_reward,w_fingertip_reward,active_fingertip_reward,r_grasp_reward,w_grasp_reward,active_grasp_reward,r_hand_to_object_reward,w_hand_to_object_reward,active_hand_to_object_reward,r_object_to_goal_reward,w_object_to_goal_reward,active_object_to_goal_reward,r_place_reward,w_place_reward,active_place_reward,r_placement_reward,w_placement_reward,active_placement_reward,r_stability_reward,w_stability_reward,active_stability_reward,r_success_reward,w_success_reward,active_success_reward,r_task_reward,w_task_reward,active_task_reward,r_time_penalty,w_time_penalty,active_time_penalty,r_vel_penalty,w_vel_penalty,active_vel_penalty,env_id,seed
0.3944,,0,0,,0,0,,0.1,1,,0,0,,0,0,,0.1,1,,0,0,,0,0,,0.1,1,,0,0,,0,0,,0,0,shadow_hand_grasp_and_place,42
0.0146,,0,0,,0,0,,0.1,1,,0,0,,0,0,,0.1,1,,0,0,,0,0,,0.05,1,,0,0,,0,0,,0,0,shadow_hand_grasp_and_place,42
0.0888,,0,0,,0,0,,0.1,1,,0,0,,0,0,,0.1,1,,0,0,,0,0,,1.0,1,,0,0,,0,0,,0,0,shadow_hand_grasp_and_place,42
0.1154,,0,0,,0,0,,0.1,1,,0,0,,0,0,,0.05,1,,0,0,,0,0,,0.1,1,,0,0,,0,0,,0,0,shadow_hand_grasp_and_place,42
0.1869,,0,0,,0,0,,0.1,1,,0,0,,0,0,,0.05,1,,0,0,,0,0,,0.05,1,,0,0,,0,0,,0,0,shadow_hand_grasp_and_place,42
0.1776,,0,0,,0,0,,0.1,1,,0,0,,0,0,,0.05,1,,0,0,,0,0,,1.0,1,,0,0,,0,0,,0,0,shadow_hand_grasp_and_place,42
0.0437,,0,0,,0,0,,0.1,1,,0,0,,0,0,,1.0,1,,0,0,,0,0,,0.1,1,,0,0,,0,0,,0,0,shadow_hand_grasp_and_place,42
0.1535,,0,0,,0,0,,0.1,1,,0,0,,0,0,,1.0,1,,0,0,,0,0,,0.05,1,,0,0,,0,0,,0,0,shadow_hand_grasp_and_place,42
0.1492,,0,0,,0,0,,0.1,1,,0,0,,0,0,,1.0,1,,0,0,,0,0,,1.0,1,,0,0,,0,0,,0,0,shadow_hand_grasp_and_place,42
0.1145,,0,0,,0,0,,0.05,1,,0,0,,0,0,,0.1,1,,0,0,,0,0,,0.1,1,,0,0,,0,0,,0,0,shadow_hand_grasp_and_place,42
0.0214,,0,0,,0,0,,0.05,1,,0,0,,0,0,,0.1,1,,0,0,,0,0,,0.05,1,,0,0,,0,0,,0,0,shadow_hand_grasp_and_place,42
0.2636,,0,0,,0,0,,0.05,1,,0,0,,0,0,,0.1,1,,0,0,,0,0,,1.0,1,,0,0,,0,0,,0,0,shadow_hand_grasp_and_place,42
0.0436,,0,0,,0,0,,0.05,1,,0,0,,0,0,,0.05,1,,0,0,,0,0,,0.1,1,,0,0,,0,0,,0,0,shadow_hand_grasp_and_place,42
0.0524,,0,0,,0,0,,0.05,1,,0,0,,0,0,,0.05,1,,0,0,,0,0,,0.05,1,,0,0,,0,0,,0,0,shadow_hand_grasp_and_place,42
0.1634,,0,0,,0,0,,0.05,1,,0,0,,0,0,,1.0,1,,0,0,,0,0,,0.1,1,,0,0,,0,0,,0,0,shadow_hand_grasp_and_place,42
0.1343,,0,0,,0,0,,0.05,1,,0,0,,0,0,,1.0,1,,0,0,,0,0,,0.05,1,,0,0,,0,0,,0,0,shadow_hand_grasp_and_place,42
0.237,,0,0,,0,0,,0.05,1,,0,0,,0,0,,1.0,1,,0,0,,0,0,,1.0,1,,0,0,,0,0,,0,0,shadow_hand_grasp_and_place,42
0.1262,,0,0,,0,0,,1.0,1,,0,0,,0,0,,0.1,1,,0,0,,0,0,,0.1,1,,0,0,,0,0,,0,0,shadow_hand_grasp_and_place,42
0.1118,,0,0,,0,0,,1.0,1,,0,0,,0,0,,0.1,1,,0,0,,0,0,,0.05,1,,0,0,,0,0,,0,0,shadow_hand_grasp_and_place,42
0.051,,0,0,,0,0,,1.0,1,,0,0,,0,0,,0.1,1,,0,0,,0,0,,1.0,1,,0,0,,0,0,,0,0,shadow_hand_grasp_and_place,42
0.1069,,0,0,,0,0,,1.0,1,,0,0,,0,0,,0.05,1,,0,0,,0,0,,0.1,1,,0,0,,0,0,,0,0,shadow_hand_grasp_and_place,42
0.034,,0,0,,0,0,,1.0,1,,0,0,,0,0,,0.05,1,,0,0,,0,0,,1.0,1,,0,0,,0,0,,0,0,shadow_hand_grasp_and_place,42
0.136,,0,0,,0,0,,1.0,1,,0,0,,0,0,,1.0,1,,0,0,,0,0,,0.1,1,,0,0,,0,0,,0,0,shadow_hand_grasp_and_place,42
0.0623,,0,0,,0,0,,1.0,1,,0,0,,0,0,,1.0,1,,0,0,,0,0,,1.0,1,,0,0,,0,0,,0,0,shadow_hand_grasp_and_place,42
0.2988,,0,0,,0,0,,0.2,1,,0,0,,0,0,,0.1,1,,0,0,,0,0,,0.1,1,,0,0,,0.001,1,,0,0,shadow_hand_grasp_and_place,42
0.0763,,0,0,,0,0,,0.2,1,,0,0,,0,0,,0.1,1,,0,0,,0,0,,0.1,1,,0,0,,0.01,1,,0,0,shadow_hand_grasp_and_place,42
0.1535,,0,0,,0,0,,0.2,1,,0,0,,0,0,,0.1,1,,0,0,,0,0,,0.1,1,,0,0,,0.1,1,,0,0,shadow_hand_grasp_and_place,42
0.0761,,0,0,,0,0,,0.2,1,,0,0,,0,0,,0.1,1,,0,0,,0,0,,0.05,1,,0,0,,0.001,1,,0,0,shadow_hand_grasp_and_place,42
0.3828,,0,0,,0,0,,0.2,1,,0,0,,0,0,,0.1,1,,0,0,,0,0,,0.05,1,,0,0,,0.01,1,,0,0,shadow_hand_grasp_and_place,42
0.0094,,0,0,,0,0,,0.2,1,,0,0,,0,0,,0.1,1,,0,0,,0,0,,0.05,1,,0,0,,0.1,1,,0,0,shadow_hand_grasp_and_place,42
0.0139,,0,0,,0,0,,0.2,1,,0,0,,0,0,,0.1,1,,0,0,,0,0,,1.0,1,,0,0,,0.001,1,,0,0,shadow_hand_grasp_and_place,42
0.1238,,0,0,,0,0,,0.2,1,,0,0,,0,0,,0.1,1,,0,0,,0,0,,1.0,1,,0,0,,0.01,1,,0,0,shadow_hand_grasp_and_place,42
0.0306,,0,0,,0,0,,0.2,1,,0,0,,0,0,,0.1,1,,0,0,,0,0,,1.0,1,,0,0,,0.1,1,,0,0,shadow_hand_grasp_and_place,42
0.1586,,0,0,,0,0,,0.2,1,,0,0,,0,0,,0.05,1,,0,0,,0,0,,0.1,1,,0,0,,0.001,1,,0,0,shadow_hand_grasp_and_place,42
0.0141,,0,0,,0,0,,0.2,1,,0,0,,0,0,,0.05,1,,0,0,,0,0,,0.1,1,,0,0,,0.01,1,,0,0,shadow_hand_grasp_and_place,42
0.0,,0,0,,0,0,,0.2,1,,0,0,,0,0,,0.05,1,,0,0,,0,0,,0.1,1,,0,0,,0.1,1,,0,0,shadow_hand_grasp_and_place,42
0.2552,,0,0,,0,0,,0.2,1,,0,0,,0,0,,0.05,1,,0,0,,0,0,,0.05,1,,0,0,,0.001,1,,0,0,shadow_hand_grasp_and_place,42
0.0621,,0,0,,0,0,,0.2,1,,0,0,,0,0,,0.05,1,,0,0,,0,0,,0.05,1,,0,0,,0.01,1,,0,0,shadow_hand_grasp_and_place,42
0.0,,0,0,,0,0,,0.2,1,,0,0,,0,0,,0.05,1,,0,0,,0,0,,0.05,1,,0,0,,0.1,1,,0,0,shadow_hand_grasp_and_place,42
0.2321,,0,0,,0,0,,0.2,1,,0,0,,0,0,,0.05,1,,0,0,,0,0,,1.0,1,,0,0,,0.001,1,,0,0,shadow_hand_grasp_and_place,42
0.2079,,0,0,,0,0,,0.2,1,,0,0,,0,0,,0.05,1,,0,0,,0,0,,1.0,1,,0,0,,0.01,1,,0,0,shadow_hand_grasp_and_place,42
0.2698,,0,0,,0,0,,0.2,1,,0,0,,0,0,,0.05,1,,0,0,,0,0,,1.0,1,,0,0,,0.1,1,,0,0,shadow_hand_grasp_and_place,42
0.2596,,0,0,,0,0,,0.1,1,,0,0,,0,0,,0.1,1,,0,0,,0,0,,0.1,1,,0,0,,0.001,1,,0,0,shadow_hand_grasp_and_place,42
0.0633,,0,0,,0,0,,0.1,1,,0,0,,0,0,,0.1,1,,0,0,,0,0,,0.1,1,,0,0,,0.01,1,,0,0,shadow_hand_grasp_and_place,42
0.0,,0,0,,0,0,,0.1,1,,0,0,,0,0,,0.1,1,,0,0,,0,0,,0.1,1,,0,0,,0.1,1,,0,0,shadow_hand_grasp_and_place,42
0.0349,,0,0,,0,0,,0.1,1,,0,0,,0,0,,0.1,1,,0,0,,0,0,,0.05,1,,0,0,,0.001,1,,0,0,shadow_hand_grasp_and_place,42
0.0688,,0,0,,0,0,,0.1,1,,0,0,,0,0,,0.1,1,,0,0,,0,0,,0.05,1,,0,0,,0.01,1,,0,0,shadow_hand_grasp_and_place,42
0.0,,0,0,,0,0,,0.1,1,,0,0,,0,0,,0.1,1,,0,0,,0,0,,0.05,1,,0,0,,0.1,1,,0,0,shadow_hand_grasp_and_place,42
0.0862,,0,0,,0,0,,0.1,1,,0,0,,0,0,,0.1,1,,0,0,,0,0,,1.0,1,,0,0,,0.001,1,,0,0,shadow_hand_grasp_and_place,42
0.2383,,0,0,,0,0,,0.1,1,,0,0,,0,0,,0.1,1,,0,0,,0,0,,1.0,1,,0,0,,0.01,1,,0,0,shadow_hand_grasp_and_place,42
0.0745,,0,0,,0,0,,0.1,1,,0,0,,0,0,,0.1,1,,0,0,,0,0,,1.0,1,,0,0,,0.1,1,,0,0,shadow_hand_grasp_and_place,42
0.0762,,0,0,,0,0,,0.1,1,,0,0,,0,0,,0.05,1,,0,0,,0,0,,0.1,1,,0,0,,0.001,1,,0,0,shadow_hand_grasp_and_place,42
0.3038,,0,0,,0,0,,0.1,1,,0,0,,0,0,,0.05,1,,0,0,,0,0,,0.1,1,,0,0,,0.01,1,,0,0,shadow_hand_grasp_and_place,42
0.0,,0,0,,0,0,,0.1,1,,0,0,,0,0,,0.05,1,,0,0,,0,0,,0.1,1,,0,0,,0.1,1,,0,0,shadow_hand_grasp_and_place,42
0.2406,,0,0,,0,0,,0.1,1,,0,0,,0,0,,0.05,1,,0,0,,0,0,,0.05,1,,0,0,,0.001,1,,0,0,shadow_hand_grasp_and_place,42
0.335,,0,0,,0,0,,0.1,1,,0,0,,0,0,,0.05,1,,0,0,,0,0,,0.05,1,,0,0,,0.01,1,,0,0,shadow_hand_grasp_and_place,42
0.0009,,0,0,,0,0,,0.1,1,,0,0,,0,0,,0.05,1,,0,0,,0,0,,0.05,1,,0,0,,0.1,1,,0,0,shadow_hand_grasp_and_place,42
0.0584,,0,0,,0,0,,0.1,1,,0,0,,0,0,,0.05,1,,0,0,,0,0,,1.0,1,,0,0,,0.001,1,,0,0,shadow_hand_grasp_and_place,42
0.3174,,0,0,,0,0,,0.1,1,,0,0,,0,0,,0.05,1,,0,0,,0,0,,1.0,1,,0,0,,0.01,1,,0,0,shadow_hand_grasp_and_place,42
0.0327,,0,0,,0,0,,0.1,1,,0,0,,0,0,,0.05,1,,0,0,,0,0,,1.0,1,,0,0,,0.1,1,,0,0,shadow_hand_grasp_and_place,42
0.0239,,0,0,,0,0,,0.1,1,,0,0,,0,0,,0.05,1,,0,0,,0,0,,0,0,,0,0,,0.01,1,,0,0,shadow_hand_grasp_and_place,42
0.0518,,0,0,,0,0,,0.1,1,,0,0,,0,0,,0.05,1,,0,0,,0,0,,0,0,,0,0,,0.005,1,,0,0,shadow_hand_grasp_and_place,42
0.0327,,0,0,,0,0,,0.1,1,,0,0,,0,0,,0.05,1,,0,0,,0,0,,0,0,,0,0,,0.1,1,,0,0,shadow_hand_grasp_and_place,42
0.0269,,0,0,,0,0,,0.1,1,,0,0,,0,0,,0.01,1,,0,0,,0,0,,0,0,,0,0,,0.01,1,,0,0,shadow_hand_grasp_and_place,42
0.1243,,0,0,,0,0,,0.1,1,,0,0,,0,0,,0.01,1,,0,0,,0,0,,0,0,,0,0,,0.005,1,,0,0,shadow_hand_grasp_and_place,42
0.2578,,0,0,,0,0,,0.1,1,,0,0,,0,0,,0.01,1,,0,0,,0,0,,0,0,,0,0,,0.1,1,,0,0,shadow_hand_grasp_and_place,42
0.0947,,0,0,,0,0,,0.1,1,,0,0,,0,0,,0.1,1,,0,0,,0,0,,0,0,,0,0,,0.01,1,,0,0,shadow_hand_grasp_and_place,42
0.0122,,0,0,,0,0,,0.1,1,,0,0,,0,0,,0.1,1,,0,0,,0,0,,0,0,,0,0,,0.005,1,,0,0,shadow_hand_grasp_and_place,42
0.0534,,0,0,,0,0,,0.1,1,,0,0,,0,0,,0.1,1,,0,0,,0,0,,0,0,,0,0,,0.1,1,,0,0,shadow_hand_grasp_and_place,42
0.0501,,0,0,,0,0,,0.01,1,,0,0,,0,0,,0.05,1,,0,0,,0,0,,0,0,,0,0,,0.01,1,,0,0,shadow_hand_grasp_and_place,42
0.3328,,0,0,,0,0,,0.01,1,,0,0,,0,0,,0.05,1,,0,0,,0,0,,0,0,,0,0,,0.005,1,,0,0,shadow_hand_grasp_and_place,42
0.3852,,0,0,,0,0,,0.01,1,,0,0,,0,0,,0.05,1,,0,0,,0,0,,0,0,,0,0,,0.1,1,,0,0,shadow_hand_grasp_and_place,42
0.0114,,0,0,,0,0,,0.01,1,,0,0,,0,0,,0.01,1,,0,0,,0,0,,0,0,,0,0,,0.01,1,,0,0,shadow_hand_grasp_and_place,42
0.0303,,0,0,,0,0,,0.01,1,,0,0,,0,0,,0.01,1,,0,0,,0,0,,0,0,,0,0,,0.005,1,,0,0,shadow_hand_grasp_and_place,42
0.2608,,0,0,,0,0,,0.01,1,,0,0,,0,0,,0.01,1,,0,0,,0,0,,0,0,,0,0,,0.1,1,,0,0,shadow_hand_grasp_and_place,42
0.061,,0,0,,0,0,,0.01,1,,0,0,,0,0,,0.1,1,,0,0,,0,0,,0,0,,0,0,,0.01,1,,0,0,shadow_hand_grasp_and_place,42
0.0289,,0,0,,0,0,,0.01,1,,0,0,,0,0,,0.1,1,,0,0,,0,0,,0,0,,0,0,,0.005,1,,0,0,shadow_hand_grasp_and_place,42
0.027,,0,0,,0,0,,0.01,1,,0,0,,0,0,,0.1,1,,0,0,,0,0,,0,0,,0,0,,0.1,1,,0,0,shadow_hand_grasp_and_place,42
0.1978,,0,0,,0,0,,0.5,1,,0,0,,0,0,,0.05,1,,0,0,,0,0,,0,0,,0,0,,0.01,1,,0,0,shadow_hand_grasp_and_place,42
0.0988,,0,0,,0,0,,0.5,1,,0,0,,0,0,,0.05,1,,0,0,,0,0,,0,0,,0,0,,0.005,1,,0,0,shadow_hand_grasp_and_place,42
0.2554,,0,0,,0,0,,0.5,1,,0,0,,0,0,,0.05,1,,0,0,,0,0,,0,0,,0,0,,0.1,1,,0,0,shadow_hand_grasp_and_place,42
0.1496,,0,0,,0,0,,0.5,1,,0,0,,0,0,,0.01,1,,0,0,,0,0,,0,0,,0,0,,0.01,1,,0,0,shadow_hand_grasp_and_place,42
0.0834,,0,0,,0,0,,0.5,1,,0,0,,0,0,,0.01,1,,0,0,,0,0,,0,0,,0,0,,0.005,1,,0,0,shadow_hand_grasp_and_place,42
0.0761,,0,0,,0,0,,0.5,1,,0,0,,0,0,,0.01,1,,0,0,,0,0,,0,0,,0,0,,0.1,1,,0,0,shadow_hand_grasp_and_place,42
0.0479,,0,0,,0,0,,0.5,1,,0,0,,0,0,,0.1,1,,0,0,,0,0,,0,0,,0,0,,0.01,1,,0,0,shadow_hand_grasp_and_place,42
0.4367,,0,0,,0,0,,0.5,1,,0,0,,0,0,,0.1,1,,0,0,,0,0,,0,0,,0,0,,0.005,1,,0,0,shadow_hand_grasp_and_place,42
0.1784,,0,0,,0,0,,0.5,1,,0,0,,0,0,,0.1,1,,0,0,,0,0,,0,0,,0,0,,0.1,1,,0,0,shadow_hand_grasp_and_place,42
0.0082,,0,0,,0,0,,0.1,1,,0,0,,0,0,,0.05,1,,0,0,,0.1,1,,1.0,1,,0,0,,0,0,,0,0,shadow_hand_grasp_and_place,42
0.0845,,0,0,,0,0,,0.1,1,,0,0,,0,0,,0.05,1,,0,0,,0.1,1,,0.1,1,,0,0,,0,0,,0,0,shadow_hand_grasp_and_place,42
0.3899,,0,0,,0,0,,0.1,1,,0,0,,0,0,,0.05,1,,0,0,,0.1,1,,2.0,1,,0,0,,0,0,,0,0,shadow_hand_grasp_and_place,42
0.1576,,0,0,,0,0,,0.1,1,,0,0,,0,0,,0.05,1,,0,0,,0.05,1,,1.0,1,,0,0,,0,0,,0,0,shadow_hand_grasp_and_place,42
0.0501,,0,0,,0,0,,0.1,1,,0,0,,0,0,,0.05,1,,0,0,,0.05,1,,2.0,1,,0,0,,0,0,,0,0,shadow_hand_grasp_and_place,42
0.0307,,0,0,,0,0,,0.1,1,,0,0,,0,0,,0.05,1,,0,0,,0.5,1,,1.0,1,,0,0,,0,0,,0,0,shadow_hand_grasp_and_place,42
0.0116,,0,0,,0,0,,0.1,1,,0,0,,0,0,,0.05,1,,0,0,,0.5,1,,0.1,1,,0,0,,0,0,,0,0,shadow_hand_grasp_and_place,42
0.1915,,0,0,,0,0,,0.1,1,,0,0,,0,0,,0.05,1,,0,0,,0.5,1,,2.0,1,,0,0,,0,0,,0,0,shadow_hand_grasp_and_place,42
0.0511,,0,0,,0,0,,0.1,1,,0,0,,0,0,,0.01,1,,0,0,,0.1,1,,1.0,1,,0,0,,0,0,,0,0,shadow_hand_grasp_and_place,42
0.1084,,0,0,,0,0,,0.1,1,,0,0,,0,0,,0.01,1,,0,0,,0.1,1,,0.1,1,,0,0,,0,0,,0,0,shadow_hand_grasp_and_place,42
0.0626,,0,0,,0,0,,0.1,1,,0,0,,0,0,,0.01,1,,0,0,,0.1,1,,2.0,1,,0,0,,0,0,,0,0,shadow_hand_grasp_and_place,42
0.0681,,0,0,,0,0,,0.1,1,,0,0,,0,0,,0.01,1,,0,0,,0.05,1,,1.0,1,,0,0,,0,0,,0,0,shadow_hand_grasp_and_place,42
0.0462,,0,0,,0,0,,0.1,1,,0,0,,0,0,,0.5,1,,0,0,,0.05,1,,0.1,1,,0,0,,0,0,,0,0,shadow_hand_grasp_and_place,42
0.132,,0,0,,0,0,,0.1,1,,0,0,,0,0,,0.5,1,,0,0,,0.05,1,,2.0,1,,0,0,,0,0,,0,0,shadow_hand_grasp_and_place,42
0.0144,,0,0,,0,0,,0.1,1,,0,0,,0,0,,0.5,1,,0,0,,0.5,1,,1.0,1,,0,0,,0,0,,0,0,shadow_hand_grasp_and_place,42
0.1594,,0,0,,0,0,,0.1,1,,0,0,,0,0,,0.5,1,,0,0,,0.5,1,,0.1,1,,0,0,,0,0,,0,0,shadow_hand_grasp_and_place,42
0.3261,,0,0,,0,0,,0.1,1,,0,0,,0,0,,0.5,1,,0,0,,0.5,1,,2.0,1,,0,0,,0,0,,0,0,shadow_hand_grasp_and_place,42
0.0323,,0,0,,0,0,,0.5,1,,0,0,,0,0,,0.05,1,,0,0,,0.1,1,,2.0,1,,0,0,,0,0,,0,0,shadow_hand_grasp_and_place,42
0.1478,,0,0,,0,0,,0.5,1,,0,0,,0,0,,0.05,1,,0,0,,0.05,1,,1.0,1,,0,0,,0,0,,0,0,shadow_hand_grasp_and_place,42
0.0911,,0,0,,0,0,,0.5,1,,0,0,,0,0,,0.05,1,,0,0,,0.05,1,,0.1,1,,0,0,,0,0,,0,0,shadow_hand_grasp_and_place,42
0.2225,,0,0,,0,0,,0.5,1,,0,0,,0,0,,0.05,1,,0,0,,0.05,1,,2.0,1,,0,0,,0,0,,0,0,shadow_hand_grasp_and_place,42
0.0549,,0,0,,0,0,,0.5,1,,0,0,,0,0,,0.05,1,,0,0,,0.5,1,,1.0,1,,0,0,,0,0,,0,0,shadow_hand_grasp_and_place,42
0.0486,,0,0,,0,0,,0.5,1,,0,0,,0,0,,0.05,1,,0,0,,0.5,1,,0.1,1,,0,0,,0,0,,0,0,shadow_hand_grasp_and_place,42
0.2088,,0,0,,0,0,,0.5,1,,0,0,,0,0,,0.05,1,,0,0,,0.5,1,,2.0,1,,0,0,,0,0,,0,0,shadow_hand_grasp_and_place,42
0.0277,,0,0,,0,0,,0.5,1,,0,0,,0,0,,0.01,1,,0,0,,0.1,1,,1.0,1,,0,0,,0,0,,0,0,shadow_hand_grasp_and_place,42
0.0382,,0,0,,0,0,,0.5,1,,0,0,,0,0,,0.01,1,,0,0,,0.1,1,,0.1,1,,0,0,,0,0,,0,0,shadow_hand_grasp_and_place,42
0.0302,,0,0,,0,0,,0.5,1,,0,0,,0,0,,0.01,1,,0,0,,0.1,1,,2.0,1,,0,0,,0,0,,0,0,shadow_hand_grasp_and_place,42
0.0365,,0,0,,0,0,,0.5,1,,0,0,,0,0,,0.01,1,,0,0,,0.05,1,,1.0,1,,0,0,,0,0,,0,0,shadow_hand_grasp_and_place,42
0.09,,0,0,,0,0,,0.05,1,,0,0,,0,0,,0.5,1,,0,0,,0.05,1,,0.1,1,,0,0,,0,0,,0,0,shadow_hand_grasp_and_place,42
0.1163,,0,0,,0,0,,0.05,1,,0,0,,0,0,,0.5,1,,0,0,,0.05,1,,2.0,1,,0,0,,0,0,,0,0,shadow_hand_grasp_and_place,42
0.1079,,0,0,,0,0,,0.05,1,,0,0,,0,0,,0.5,1,,0,0,,0.5,1,,1.0,1,,0,0,,0,0,,0,0,shadow_hand_grasp_and_place,42
0.021,,0,0,,0,0,,0.05,1,,0,0,,0,0,,0.5,1,,0,0,,0.5,1,,0.1,1,,0,0,,0,0,,0,0,shadow_hand_grasp_and_place,42
0.0731,,0,0,,0,0,,0.05,1,,0,0,,0,0,,0.5,1,,0,0,,0.5,1,,2.0,1,,0,0,,0,0,,0,0,shadow_hand_grasp_and_place,42
0.1093,,0,0,,0,0,,0.1,1,,0,0,,0,0,,0.1,1,,0,0,,0,0,,0,0,,0,0,,0,0,,0,0,shadow_hand_grasp_and_place,42
0.0614,,0,0,,0,0,,0.1,1,,0,0,,0,0,,0.05,1,,0,0,,0,0,,0,0,,0,0,,0,0,,0,0,shadow_hand_grasp_and_place,42
0.0879,,0,0,,0,0,,0.1,1,,0,0,,0,0,,0.5,1,,0,0,,0,0,,0,0,,0,0,,0,0,,0,0,shadow_hand_grasp_and_place,42
0.1473,,0,0,,0,0,,0.5,1,,0,0,,0,0,,0.1,1,,0,0,,0,0,,0,0,,0,0,,0,0,,0,0,shadow_hand_grasp_and_place,42
0.2778,,0,0,,0,0,,0.5,1,,0,0,,0,0,,0.05,1,,0,0,,0,0,,0,0,,0,0,,0,0,,0,0,shadow_hand_grasp_and_place,42
0.1496,,0,0,,0,0,,0.5,1,,0,0,,0,0,,0.5,1,,0,0,,0,0,,0,0,,0,0,,0,0,,0,0,shadow_hand_grasp_and_place,42
0.1487,,0,0,,0,0,,0.05,1,,0,0,,0,0,,0.1,1,,0,0,,0,0,,0,0,,0,0,,0,0,,0,0,shadow_hand_grasp_and_place,42
0.3323,,0,0,,0,0,,0.05,1,,0,0,,0,0,,0.05,1,,0,0,,0,0,,0,0,,0,0,,0,0,,0,0,shadow_hand_grasp_and_place,42
0.1856,,0,0,,0,0,,0.05,1,,0,0,,0,0,,0.5,1,,0,0,,0,0,,0,0,,0,0,,0,0,,0,0,shadow_hand_grasp_and_place,42
0.0157,,0,0,,0,0,,0.2,1,,0.05,1,,0,0,,0.1,1,,0,0,,0,0,,0.5,1,,0,0,,0,0,,0,0,shadow_hand_grasp_and_place,42
0.011,,0,0,,0,0,,0.2,1,,0.05,1,,0,0,,0.1,1,,0,0,,0,0,,2.0,1,,0,0,,0,0,,0,0,shadow_hand_grasp_and_place,42
0.0457,,0,0,,0,0,,0.2,1,,0.1,1,,0,0,,0.1,1,,0,0,,0,0,,1.0,1,,0,0,,0,0,,0,0,shadow_hand_grasp_and_place,42
0.2663,,0,0,,0,0,,0.2,1,,0.1,1,,0,0,,0.1,1,,0,0,,0,0,,0.5,1,,0,0,,0,0,,0,0,shadow_hand_grasp_and_place,42
0.0418,,0,0,,0,0,,0.2,1,,0.1,1,,0,0,,0.1,1,,0,0,,0,0,,2.0,1,,0,0,,0,0,,0,0,shadow_hand_grasp_and_place,42
0.0502,,0,0,,0,0,,0.2,1,,0.01,1,,0,0,,0.1,1,,0,0,,0,0,,1.0,1,,0,0,,0,0,,0,0,shadow_hand_grasp_and_place,42
0.0403,,0,0,,0,0,,0.2,1,,0.01,1,,0,0,,0.1,1,,0,0,,0,0,,0.5,1,,0,0,,0,0,,0,0,shadow_hand_grasp_and_place,42
0.2465,,0,0,,0,0,,0.2,1,,0.01,1,,0,0,,0.1,1,,0,0,,0,0,,2.0,1,,0,0,,0,0,,0,0,shadow_hand_grasp_and_place,42
0.0788,,0,0,,0,0,,0.2,1,,0.05,1,,0,0,,0.05,1,,0,0,,0,0,,1.0,1,,0,0,,0,0,,0,0,shadow_hand_grasp_and_place,42
0.0348,,0,0,,0,0,,0.2,1,,0.05,1,,0,0,,0.05,1,,0,0,,0,0,,0.5,1,,0,0,,0,0,,0,0,shadow_hand_grasp_and_place,42
0.2252,,0,0,,0,0,,0.2,1,,0.05,1,,0,0,,0.05,1,,0,0,,0,0,,2.0,1,,0,0,,0,0,,0,0,shadow_hand_grasp_and_place,42
0.0159,,0,0,,0,0,,0.2,1,,0.1,1,,0,0,,0.05,1,,0,0,,0,0,,1.0,1,,0,0,,0,0,,0,0,shadow_hand_grasp_and_place,42
0.05,,0,0,,0,0,,0.2,1,,0.1,1,,0,0,,0.05,1,,0,0,,0,0,,0.5,1,,0,0,,0,0,,0,0,shadow_hand_grasp_and_place,42
0.0762,,0,0,,0,0,,0.2,1,,0.1,1,,0,0,,0.05,1,,0,0,,0,0,,2.0,1,,0,0,,0,0,,0,0,shadow_hand_grasp_and_place,42
0.0486,,0,0,,0,0,,0.2,1,,0.01,1,,0,0,,0.05,1,,0,0,,0,0,,1.0,1,,0,0,,0,0,,0,0,shadow_hand_grasp_and_place,42
0.0192,,0,0,,0,0,,0.2,1,,0.01,1,,0,0,,0.05,1,,0,0,,0,0,,2.0,1,,0,0,,0,0,,0,0,shadow_hand_grasp_and_place,42
0.4071,,0,0,,0,0,,0.1,1,,0.05,1,,0,0,,0.1,1,,0,0,,0,0,,1.0,1,,0,0,,0,0,,0,0,shadow_hand_grasp_and_place,42
0.1033,,0,0,,0,0,,0.1,1,,0.05,1,,0,0,,0.1,1,,0,0,,0,0,,0.5,1,,0,0,,0,0,,0,0,shadow_hand_grasp_and_place,42
0.0223,,0,0,,0,0,,0.1,1,,0.05,1,,0,0,,0.1,1,,0,0,,0,0,,2.0,1,,0,0,,0,0,,0,0,shadow_hand_grasp_and_place,42
0.0639,,0,0,,0,0,,0.1,1,,0.1,1,,0,0,,0.1,1,,0,0,,0,0,,1.0,1,,0,0,,0,0,,0,0,shadow_hand_grasp_and_place,42
0.0635,,0,0,,0,0,,0.1,1,,0.1,1,,0,0,,0.1,1,,0,0,,0,0,,0.5,1,,0,0,,0,0,,0,0,shadow_hand_grasp_and_place,42
0.1717,,0,0,,0,0,,0.1,1,,0.1,1,,0,0,,0.1,1,,0,0,,0,0,,2.0,1,,0,0,,0,0,,0,0,shadow_hand_grasp_and_place,42
0.0482,,0,0,,0,0,,0.1,1,,0.01,1,,0,0,,0.1,1,,0,0,,0,0,,1.0,1,,0,0,,0,0,,0,0,shadow_hand_grasp_and_place,42
0.0301,,0,0,,0,0,,0.1,1,,0.01,1,,0,0,,0.1,1,,0,0,,0,0,,0.5,1,,0,0,,0,0,,0,0,shadow_hand_grasp_and_place,42
0.0803,,0,0,,0,0,,0.2,1,,0.05,1,,0,0,,0.5,1,,0,0,,0,0,,1.0,1,,0,0,,0,0,,0,0,shadow_hand_grasp_and_place,42
0.5717,,0,0,,0,0,,0.2,1,,0.05,1,,0,0,,0.5,1,,0,0,,0,0,,0.5,1,,0,0,,0,0,,0,0,shadow_hand_grasp_and_place,42
0.0506,,0,0,,0,0,,0.2,1,,0.05,1,,0,0,,0.5,1,,0,0,,0,0,,2.0,1,,0,0,,0,0,,0,0,shadow_hand_grasp_and_place,42
0.012,,0,0,,0,0,,0.2,1,,0.1,1,,0,0,,0.5,1,,0,0,,0,0,,1.0,1,,0,0,,0,0,,0,0,shadow_hand_grasp_and_place,42
0.2133,,0,0,,0,0,,0.2,1,,0.1,1,,0,0,,0.5,1,,0,0,,0,0,,0.5,1,,0,0,,0,0,,0,0,shadow_hand_grasp_and_place,42
0.0529,,0,0,,0,0,,0.5,1,,0.1,1,,0,0,,0.1,1,,0,0,,0,0,,2.0,1,,0,0,,0,0,,0,0,shadow_hand_grasp_and_place,42
0.1417,,0,0,,0,0,,0.5,1,,0.01,1,,0,0,,0.1,1,,0,0,,0,0,,1.0,1,,0,0,,0,0,,0,0,shadow_hand_grasp_and_place,42
0.0471,,0,0,,0,0,,0.5,1,,0.01,1,,0,0,,0.1,1,,0,0,,0,0,,0.5,1,,0,0,,0,0,,0,0,shadow_hand_grasp_and_place,42
0.0923,,0,0,,0,0,,0.5,1,,0.01,1,,0,0,,0.1,1,,0,0,,0,0,,2.0,1,,0,0,,0,0,,0,0,shadow_hand_grasp_and_place,42
0.4393,,0,0,,0,0,,0.2,1,,0.5,1,,0,0,,0.05,1,,0,0,,0,0,,0,0,,1.0,1,,0,0,,0,0,shadow_hand_grasp_and_place,42
0.0515,,0,0,,0,0,,0.2,1,,0.5,1,,0,0,,0.05,1,,0,0,,0,0,,0,0,,0.5,1,,0,0,,0,0,shadow_hand_grasp_and_place,42
0.2529,,0,0,,0,0,,0.2,1,,0.5,1,,0,0,,0.05,1,,0,0,,0,0,,0,0,,2.0,1,,0,0,,0,0,shadow_hand_grasp_and_place,42
0.2919,,0,0,,0,0,,0.2,1,,0.1,1,,0,0,,0.05,1,,0,0,,0,0,,0,0,,1.0,1,,0,0,,0,0,shadow_hand_grasp_and_place,42
0.1438,,0,0,,0,0,,0.2,1,,0.1,1,,0,0,,0.05,1,,0,0,,0,0,,0,0,,2.0,1,,0,0,,0,0,shadow_hand_grasp_and_place,42
0.0197,,0,0,,0,0,,0.2,1,,1.0,1,,0,0,,0.05,1,,0,0,,0,0,,0,0,,0.5,1,,0,0,,0,0,shadow_hand_grasp_and_place,42
0.0367,,0,0,,0,0,,0.2,1,,1.0,1,,0,0,,0.05,1,,0,0,,0,0,,0,0,,2.0,1,,0,0,,0,0,shadow_hand_grasp_and_place,42
0.2424,,0,0,,0,0,,0.2,1,,0.5,1,,0,0,,0.1,1,,0,0,,0,0,,0,0,,1.0,1,,0,0,,0,0,shadow_hand_grasp_and_place,42
0.0404,,0,0,,0,0,,0.2,1,,0.5,1,,0,0,,0.1,1,,0,0,,0,0,,0,0,,0.5,1,,0,0,,0,0,shadow_hand_grasp_and_place,42
0.3024,,0,0,,0,0,,0.2,1,,0.5,1,,0,0,,0.1,1,,0,0,,0,0,,0,0,,2.0,1,,0,0,,0,0,shadow_hand_grasp_and_place,42
0.6894,,0,0,,0,0,,0.2,1,,0.1,1,,0,0,,0.1,1,,0,0,,0,0,,0,0,,1.0,1,,0,0,,0,0,shadow_hand_grasp_and_place,42
0.0156,,0,0,,0,0,,0.2,1,,0.1,1,,0,0,,0.1,1,,0,0,,0,0,,0,0,,0.5,1,,0,0,,0,0,shadow_hand_grasp_and_place,42
0.019,,0,0,,0,0,,0.2,1,,0.1,1,,0,0,,0.1,1,,0,0,,0,0,,0,0,,2.0,1,,0,0,,0,0,shadow_hand_grasp_and_place,42
0.2111,,0,0,,0,0,,0.2,1,,1.0,1,,0,0,,0.1,1,,0,0,,0,0,,0,0,,1.0,1,,0,0,,0,0,shadow_hand_grasp_and_place,42
0.2431,,0,0,,0,0,,0.2,1,,1.0,1,,0,0,,0.1,1,,0,0,,0,0,,0,0,,0.5,1,,0,0,,0,0,shadow_hand_grasp_and_place,42
0.5562,,0,0,,0,0,,0.2,1,,1.0,1,,0,0,,0.1,1,,0,0,,0,0,,0,0,,2.0,1,,0,0,,0,0,shadow_hand_grasp_and_place,42
0.0316,,0,0,,0,0,,0.1,1,,0.5,1,,0,0,,0.01,1,,0,0,,0,0,,0,0,,1.0,1,,0,0,,0,0,shadow_hand_grasp_and_place,42
0.0084,,0,0,,0,0,,0.1,1,,0.5,1,,0,0,,0.01,1,,0,0,,0,0,,0,0,,0.5,1,,0,0,,0,0,shadow_hand_grasp_and_place,42
0.0255,,0,0,,0,0,,0.1,1,,0.5,1,,0,0,,0.01,1,,0,0,,0,0,,0,0,,2.0,1,,0,0,,0,0,shadow_hand_grasp_and_place,42
0.1058,,0,0,,0,0,,0.1,1,,0.1,1,,0,0,,0.01,1,,0,0,,0,0,,0,0,,1.0,1,,0,0,,0,0,shadow_hand_grasp_and_place,42
0.0105,,0,0,,0,0,,0.1,1,,0.1,1,,0,0,,0.01,1,,0,0,,0,0,,0,0,,0.5,1,,0,0,,0,0,shadow_hand_grasp_and_place,42
0.052,,0,0,,0,0,,0.1,1,,0.1,1,,0,0,,0.01,1,,0,0,,0,0,,0,0,,2.0,1,,0,0,,0,0,shadow_hand_grasp_and_place,42
0.0524,,0,0,,0,0,,0.1,1,,1.0,1,,0,0,,0.01,1,,0,0,,0,0,,0,0,,1.0,1,,0,0,,0,0,shadow_hand_grasp_and_place,42
0.0514,,0,0,,0,0,,0.1,1,,1.0,1,,0,0,,0.01,1,,0,0,,0,0,,0,0,,0.5,1,,0,0,,0,0,shadow_hand_grasp_and_place,42
0.0389,,0,0,,0,0,,0.1,1,,1.0,1,,0,0,,0.01,1,,0,0,,0,0,,0,0,,2.0,1,,0,0,,0,0,shadow_hand_grasp_and_place,42
0.1755,,0,0,,0,0,,0.5,1,,0.5,1,,0,0,,0.05,1,,0,0,,0,0,,0,0,,1.0,1,,0,0,,0,0,shadow_hand_grasp_and_place,42
0.0324,,0,0,,0,0,,0.5,1,,0.5,1,,0,0,,0.05,1,,0,0,,0,0,,0,0,,0.5,1,,0,0,,0,0,shadow_hand_grasp_and_place,42
0.1169,,0,0,,0,0,,0.5,1,,0.5,1,,0,0,,0.05,1,,0,0,,0,0,,0,0,,2.0,1,,0,0,,0,0,shadow_hand_grasp_and_place,42
0.4964,,0,0,,0,0,,0.5,1,,0.1,1,,0,0,,0.05,1,,0,0,,0,0,,0,0,,1.0,1,,0,0,,0,0,shadow_hand_grasp_and_place,42
0.1652,,0,0,,0,0,,0.5,1,,0.1,1,,0,0,,0.05,1,,0,0,,0,0,,0,0,,0.5,1,,0,0,,0,0,shadow_hand_grasp_and_place,42
0.2322,,0,0,,0,0,,0.5,1,,0.1,1,,0,0,,0.05,1,,0,0,,0,0,,0,0,,2.0,1,,0,0,,0,0,shadow_hand_grasp_and_place,42
0.0529,,0,0,,0,0,,0.5,1,,1.0,1,,0,0,,0.05,1,,0,0,,0,0,,0,0,,1.0,1,,0,0,,0,0,shadow_hand_grasp_and_place,42
0.0388,,0,0,,0,0,,0.5,1,,1.0,1,,0,0,,0.05,1,,0,0,,0,0,,0,0,,0.5,1,,0,0,,0,0,shadow_hand_grasp_and_place,42
0.3161,,0,0,,0,0,,0.5,1,,1.0,1,,0,0,,0.05,1,,0,0,,0,0,,0,0,,2.0,1,,0,0,,0,0,shadow_hand_grasp_and_place,42
0.0224,,0,0,,0,0,,0.1,1,,0.1,1,,0,0,,0.1,1,,0,0,,0,0,,0,0,,0,0,,0,0,,0,0,shadow_hand_grasp_and_place,42
0.037,,0,0,,0,0,,0.1,1,,0.05,1,,0,0,,0.1,1,,0,0,,0,0,,0,0,,0,0,,0,0,,0,0,shadow_hand_grasp_and_place,42
0.2712,,0,0,,0,0,,0.1,1,,0.5,1,,0,0,,0.1,1,,0,0,,0,0,,0,0,,0,0,,0,0,,0,0,shadow_hand_grasp_and_place,42
0.1778,,0,0,,0,0,,0.1,1,,0.1,1,,0,0,,0.05,1,,0,0,,0,0,,0,0,,0,0,,0,0,,0,0,shadow_hand_grasp_and_place,42
0.0756,,0,0,,0,0,,0.1,1,,0.05,1,,0,0,,0.05,1,,0,0,,0,0,,0,0,,0,0,,0,0,,0,0,shadow_hand_grasp_and_place,42
0.1545,,0,0,,0,0,,0.1,1,,0.5,1,,0,0,,0.05,1,,0,0,,0,0,,0,0,,0,0,,0,0,,0,0,shadow_hand_grasp_and_place,42
0.0096,,0,0,,0,0,,0.1,1,,0.1,1,,0,0,,0.5,1,,0,0,,0,0,,0,0,,0,0,,0,0,,0,0,shadow_hand_grasp_and_place,42
0.2827,,0,0,,0,0,,0.1,1,,0.05,1,,0,0,,0.5,1,,0,0,,0,0,,0,0,,0,0,,0,0,,0,0,shadow_hand_grasp_and_place,42
0.0325,,0,0,,0,0,,0.1,1,,0.5,1,,0,0,,0.5,1,,0,0,,0,0,,0,0,,0,0,,0,0,,0,0,shadow_hand_grasp_and_place,42
0.1002,,0,0,,0,0,,0.05,1,,0.1,1,,0,0,,0.1,1,,0,0,,0,0,,0,0,,0,0,,0,0,,0,0,shadow_hand_grasp_and_place,42
0.2075,,0,0,,0,0,,0.05,1,,0.05,1,,0,0,,0.1,1,,0,0,,0,0,,0,0,,0,0,,0,0,,0,0,shadow_hand_grasp_and_place,42
0.0168,,0,0,,0,0,,0.05,1,,0.5,1,,0,0,,0.1,1,,0,0,,0,0,,0,0,,0,0,,0,0,,0,0,shadow_hand_grasp_and_place,42
0.0301,,0,0,,0,0,,0.05,1,,0.1,1,,0,0,,0.05,1,,0,0,,0,0,,0,0,,0,0,,0,0,,0,0,shadow_hand_grasp_and_place,42
0.0521,,0,0,,0,0,,0.05,1,,0.05,1,,0,0,,0.05,1,,0,0,,0,0,,0,0,,0,0,,0,0,,0,0,shadow_hand_grasp_and_place,42
0.0276,,0,0,,0,0,,0.05,1,,0.5,1,,0,0,,0.05,1,,0,0,,0,0,,0,0,,0,0,,0,0,,0,0,shadow_hand_grasp_and_place,42
0.1108,,0,0,,0,0,,0.05,1,,0.1,1,,0,0,,0.5,1,,0,0,,0,0,,0,0,,0,0,,0,0,,0,0,shadow_hand_grasp_and_place,42
0.2722,,0,0,,0,0,,0.05,1,,0.05,1,,0,0,,0.5,1,,0,0,,0,0,,0,0,,0,0,,0,0,,0,0,shadow_hand_grasp_and_place,42
0.6075,,0,0,,0,0,,0.05,1,,0.5,1,,0,0,,0.5,1,,0,0,,0,0,,0,0,,0,0,,0,0,,0,0,shadow_hand_grasp_and_place,42
0.1194,,0,0,,0,0,,0.5,1,,0.1,1,,0,0,,0.1,1,,0,0,,0,0,,0,0,,0,0,,0,0,,0,0,shadow_hand_grasp_and_place,42
0.2533,,0,0,,0,0,,0.5,1,,0.05,1,,0,0,,0.1,1,,0,0,,0,0,,0,0,,0,0,,0,0,,0,0,shadow_hand_grasp_and_place,42
0.1765,,0,0,,0,0,,0.5,1,,0.5,1,,0,0,,0.1,1,,0,0,,0,0,,0,0,,0,0,,0,0,,0,0,shadow_hand_grasp_and_place,42
0.055,,0,0,,0,0,,0.5,1,,0.1,1,,0,0,,0.05,1,,0,0,,0,0,,0,0,,0,0,,0,0,,0,0,shadow_hand_grasp_and_place,42
0.1696,,0,0,,0,0,,0.5,1,,0.05,1,,0,0,,0.05,1,,0,0,,0,0,,0,0,,0,0,,0,0,,0,0,shadow_hand_grasp_and_place,42
0.069,,0,0,,0,0,,0.5,1,,0.5,1,,0,0,,0.05,1,,0,0,,0,0,,0,0,,0,0,,0,0,,0,0,shadow_hand_grasp_and_place,42
0.0264,,0,0,,0,0,,0.5,1,,0.1,1,,0,0,,0.5,1,,0,0,,0,0,,0,0,,0,0,,0,0,,0,0,shadow_hand_grasp_and_place,42
0.6034,,0,0,,0,0,,0.5,1,,0.05,1,,0,0,,0.5,1,,0,0,,0,0,,0,0,,0,0,,0,0,,0,0,shadow_hand_grasp_and_place,42
0.0628,,0,0,,0,0,,0.5,1,,0.5,1,,0,0,,0.5,1,,0,0,,0,0,,0,0,,0,0,,0,0,,0,0,shadow_hand_grasp_and_place,42
0.6584,,0,0,,0,0,,0.1,1,,0,0,,0,0,,0.1,1,,0.1,1,,0,0,,0,0,,0,0,,0,0,,0,0,shadow_hand_grasp_and_place,42
0.0984,,0,0,,0,0,,0.1,1,,0,0,,0,0,,0.1,1,,0.05,1,,0,0,,0,0,,0,0,,0,0,,0,0,shadow_hand_grasp_and_place,42
0.0464,,0,0,,0,0,,0.1,1,,0,0,,0,0,,0.1,1,,0.5,1,,0,0,,0,0,,0,0,,0,0,,0,0,shadow_hand_grasp_and_place,42
0.1979,,0,0,,0,0,,0.05,1,,0,0,,0,0,,0.1,1,,0.05,1,,0,0,,0,0,,0,0,,0,0,,0,0,shadow_hand_grasp_and_place,42
0.0948,,0,0,,0,0,,0.05,1,,0,0,,0,0,,0.1,1,,0.5,1,,0,0,,0,0,,0,0,,0,0,,0,0,shadow_hand_grasp_and_place,42
0.2738,,0,0,,0,0,,0.5,1,,0,0,,0,0,,0.1,1,,0.1,1,,0,0,,0,0,,0,0,,0,0,,0,0,shadow_hand_grasp_and_place,42
0.0388,,0,0,,0,0,,0.5,1,,0,0,,0,0,,0.1,1,,0.05,1,,0,0,,0,0,,0,0,,0,0,,0,0,shadow_hand_grasp_and_place,42
0.0611,,0,0,,0,0,,0.5,1,,0,0,,0,0,,0.1,1,,0.5,1,,0,0,,0,0,,0,0,,0,0,,0,0,shadow_hand_grasp_and_place,42
0.588,,0,0,,0,0,,0.1,1,,0,0,,0,0,,0.05,1,,0.1,1,,0,0,,0,0,,0,0,,0,0,,0,0,shadow_hand_grasp_and_place,42
0.1099,,0,0,,0,0,,0.1,1,,0,0,,0,0,,0.05,1,,0.05,1,,0,0,,0,0,,0,0,,0,0,,0,0,shadow_hand_grasp_and_place,42
0.5688,,0,0,,0,0,,0.1,1,,0,0,,0,0,,0.05,1,,0.5,1,,0,0,,0,0,,0,0,,0,0,,0,0,shadow_hand_grasp_and_place,42
0.0689,,0,0,,0,0,,0.05,1,,0,0,,0,0,,0.05,1,,0.1,1,,0,0,,0,0,,0,0,,0,0,,0,0,shadow_hand_grasp_and_place,42
0.0407,,0,0,,0,0,,0.05,1,,0,0,,0,0,,0.05,1,,0.05,1,,0,0,,0,0,,0,0,,0,0,,0,0,shadow_hand_grasp_and_place,42
0.0161,,0,0,,0,0,,0.05,1,,0,0,,0,0,,0.05,1,,0.5,1,,0,0,,0,0,,0,0,,0,0,,0,0,shadow_hand_grasp_and_place,42
0.1198,,0,0,,0,0,,0.5,1,,0,0,,0,0,,0.05,1,,0.1,1,,0,0,,0,0,,0,0,,0,0,,0,0,shadow_hand_grasp_and_place,42
0.0884,,0,0,,0,0,,0.5,1,,0,0,,0,0,,0.05,1,,0.05,1,,0,0,,0,0,,0,0,,0,0,,0,0,shadow_hand_grasp_and_place,42
0.084,,0,0,,0,0,,0.5,1,,0,0,,0,0,,0.05,1,,0.5,1,,0,0,,0,0,,0,0,,0,0,,0,0,shadow_hand_grasp_and_place,42
0.1076,,0,0,,0,0,,0.1,1,,0,0,,0,0,,0.5,1,,0.1,1,,0,0,,0,0,,0,0,,0,0,,0,0,shadow_hand_grasp_and_place,42
0.2144,,0,0,,0,0,,0.1,1,,0,0,,0,0,,0.5,1,,0.05,1,,0,0,,0,0,,0,0,,0,0,,0,0,shadow_hand_grasp_and_place,42
0.0131,,0,0,,0,0,,0.1,1,,0,0,,0,0,,0.5,1,,0.5,1,,0,0,,0,0,,0,0,,0,0,,0,0,shadow_hand_grasp_and_place,42
0.0911,,0,0,,0,0,,0.05,1,,0,0,,0,0,,0.5,1,,0.1,1,,0,0,,0,0,,0,0,,0,0,,0,0,shadow_hand_grasp_and_place,42
0.1722,,0,0,,0,0,,0.05,1,,0,0,,0,0,,0.5,1,,0.05,1,,0,0,,0,0,,0,0,,0,0,,0,0,shadow_hand_grasp_and_place,42
0.0268,,0,0,,0,0,,0.05,1,,0,0,,0,0,,0.5,1,,0.5,1,,0,0,,0,0,,0,0,,0,0,,0,0,shadow_hand_grasp_and_place,42
0.0337,,0,0,,0,0,,0.5,1,,0,0,,0,0,,0.5,1,,0.1,1,,0,0,,0,0,,0,0,,0,0,,0,0,shadow_hand_grasp_and_place,42
0.0336,,0,0,,0,0,,0.5,1,,0,0,,0,0,,0.5,1,,0.05,1,,0,0,,0,0,,0,0,,0,0,,0,0,shadow_hand_grasp_and_place,42
0.0602,,0,0,,0,0,,0.5,1,,0,0,,0,0,,0.5,1,,0.5,1,,0,0,,0,0,,0,0,,0,0,,0,0,shadow_hand_grasp_and_place,42
0.0542,,0,0,,0,0,,0.5,1,,0,0,,0,0,,1.0,1,,1.0,1,,0,0,,0,0,,0,0,,0,0,,0.1,1,shadow_hand_grasp_and_place,42
0.0011,,0,0,,0,0,,0.5,1,,0,0,,0,0,,1.0,1,,0.5,1,,0,0,,0,0,,0,0,,0,0,,0.1,1,shadow_hand_grasp_and_place,42
0.0229,,0,0,,0,0,,0.5,1,,0,0,,0,0,,1.0,1,,5.0,1,,0,0,,0,0,,0,0,,0,0,,0.1,1,shadow_hand_grasp_and_place,42
0.0014,,0,0,,0,0,,0.1,1,,0,0,,0,0,,1.0,1,,1.0,1,,0,0,,0,0,,0,0,,0,0,,0.1,1,shadow_hand_grasp_and_place,42
0.0055,,0,0,,0,0,,0.1,1,,0,0,,0,0,,1.0,1,,0.5,1,,0,0,,0,0,,0,0,,0,0,,0.1,1,shadow_hand_grasp_and_place,42
0.0347,,0,0,,0,0,,0.1,1,,0,0,,0,0,,1.0,1,,5.0,1,,0,0,,0,0,,0,0,,0,0,,0.1,1,shadow_hand_grasp_and_place,42
0.0036,,0,0,,0,0,,1.0,1,,0,0,,0,0,,1.0,1,,1.0,1,,0,0,,0,0,,0,0,,0,0,,0.1,1,shadow_hand_grasp_and_place,42
0.0039,,0,0,,0,0,,1.0,1,,0,0,,0,0,,1.0,1,,0.5,1,,0,0,,0,0,,0,0,,0,0,,0.1,1,shadow_hand_grasp_and_place,42
0.0549,,0,0,,0,0,,1.0,1,,0,0,,0,0,,1.0,1,,5.0,1,,0,0,,0,0,,0,0,,0,0,,0.1,1,shadow_hand_grasp_and_place,42
0.0181,,0,0,,0,0,,0.5,1,,0,0,,0,0,,1.0,1,,1.0,1,,0,0,,0,0,,0,0,,0,0,,0.05,1,shadow_hand_grasp_and_place,42
0.011,,0,0,,0,0,,0.5,1,,0,0,,0,0,,1.0,1,,0.5,1,,0,0,,0,0,,0,0,,0,0,,0.05,1,shadow_hand_grasp_and_place,42
0.0263,,0,0,,0,0,,0.5,1,,0,0,,0,0,,1.0,1,,5.0,1,,0,0,,0,0,,0,0,,0,0,,0.05,1,shadow_hand_grasp_and_place,42
0.0069,,0,0,,0,0,,0.1,1,,0,0,,0,0,,1.0,1,,1.0,1,,0,0,,0,0,,0,0,,0,0,,0.05,1,shadow_hand_grasp_and_place,42
0.0049,,0,0,,0,0,,0.1,1,,0,0,,0,0,,1.0,1,,0.5,1,,0,0,,0,0,,0,0,,0,0,,0.05,1,shadow_hand_grasp_and_place,42
0.0883,,0,0,,0,0,,0.1,1,,0,0,,0,0,,1.0,1,,5.0,1,,0,0,,0,0,,0,0,,0,0,,0.05,1,shadow_hand_grasp_and_place,42
0.0145,,0,0,,0,0,,1.0,1,,0,0,,0,0,,1.0,1,,1.0,1,,0,0,,0,0,,0,0,,0,0,,0.05,1,shadow_hand_grasp_and_place,42
0.0124,,0,0,,0,0,,1.0,1,,0,0,,0,0,,1.0,1,,0.5,1,,0,0,,0,0,,0,0,,0,0,,0.05,1,shadow_hand_grasp_and_place,42
0.0442,,0,0,,0,0,,1.0,1,,0,0,,0,0,,1.0,1,,5.0,1,,0,0,,0,0,,0,0,,0,0,,0.05,1,shadow_hand_grasp_and_place,42
0.0032,,0,0,,0,0,,0.5,1,,0,0,,0,0,,0.5,1,,1.0,1,,0,0,,0,0,,0,0,,0,0,,0.5,1,shadow_hand_grasp_and_place,42
0.0025,,0,0,,0,0,,0.5,1,,0,0,,0,0,,0.5,1,,0.5,1,,0,0,,0,0,,0,0,,0,0,,0.5,1,shadow_hand_grasp_and_place,42
0.0033,,0,0,,0,0,,0.5,1,,0,0,,0,0,,0.5,1,,5.0,1,,0,0,,0,0,,0,0,,0,0,,0.5,1,shadow_hand_grasp_and_place,42
0.0064,,0,0,,0,0,,0.1,1,,0,0,,0,0,,0.5,1,,1.0,1,,0,0,,0,0,,0,0,,0,0,,0.5,1,shadow_hand_grasp_and_place,42
0.0338,,0,0,,0,0,,0.1,1,,0,0,,0,0,,0.5,1,,0.5,1,,0,0,,0,0,,0,0,,0,0,,0.5,1,shadow_hand_grasp_and_place,42
0.0071,,0,0,,0,0,,0.1,1,,0,0,,0,0,,0.5,1,,5.0,1,,0,0,,0,0,,0,0,,0,0,,0.5,1,shadow_hand_grasp_and_place,42
0.0076,,0,0,,0,0,,1.0,1,,0,0,,0,0,,0.5,1,,1.0,1,,0,0,,0,0,,0,0,,0,0,,0.5,1,shadow_hand_grasp_and_place,42
0.0024,,0,0,,0,0,,1.0,1,,0,0,,0,0,,0.5,1,,0.5,1,,0,0,,0,0,,0,0,,0,0,,0.5,1,shadow_hand_grasp_and_place,42
0.0834,,0,0,,0,0,,1.0,1,,0,0,,0,0,,0.5,1,,5.0,1,,0,0,,0,0,,0,0,,0,0,,0.5,1,shadow_hand_grasp_and_place,42
0.0533,,0,0,,0,0,,0.5,1,,0,0,,0,0,,5.0,1,,1.0,1,,0,0,,0,0,,0,0,,0,0,,0.1,1,shadow_hand_grasp_and_place,42
0.0138,,0,0,,0,0,,0.5,1,,0,0,,0,0,,5.0,1,,0.5,1,,0,0,,0,0,,0,0,,0,0,,0.1,1,shadow_hand_grasp_and_place,42
0.1459,,0,0,,0,0,,0.5,1,,0,0,,0,0,,5.0,1,,5.0,1,,0,0,,0,0,,0,0,,0,0,,0.1,1,shadow_hand_grasp_and_place,42
0.1099,,0,0,,0,0,,0.1,1,,0,0,,0,0,,5.0,1,,1.0,1,,0,0,,0,0,,0,0,,0,0,,0.1,1,shadow_hand_grasp_and_place,42
0.0597,,0,0,,0,0,,0.1,1,,0,0,,0,0,,5.0,1,,0.5,1,,0,0,,0,0,,0,0,,0,0,,0.1,1,shadow_hand_grasp_and_place,42
0.0343,,0,0,,0,0,,0.1,1,,0,0,,0,0,,5.0,1,,5.0,1,,0,0,,0,0,,0,0,,0,0,,0.1,1,shadow_hand_grasp_and_place,42
0.1004,,0,0,,0,0,,1.0,1,,0,0,,0,0,,5.0,1,,1.0,1,,0,0,,0,0,,0,0,,0,0,,0.1,1,shadow_hand_grasp_and_place,42
0.0636,,0,0,,0,0,,1.0,1,,0,0,,0,0,,5.0,1,,0.5,1,,0,0,,0,0,,0,0,,0,0,,0.1,1,shadow_hand_grasp_and_place,42
0.1935,,0,0,,0,0,,1.0,1,,0,0,,0,0,,5.0,1,,5.0,1,,0,0,,0,0,,0,0,,0,0,,0.1,1,shadow_hand_grasp_and_place,42
0.2336,,0,0,,0.1,1,,0.1,1,,0,0,,0,0,,0.1,1,,0,0,,0,0,,0,0,,0,0,,0,0,,0,0,shadow_hand_grasp_and_place,42
0.1224,,0,0,,0.05,1,,0.1,1,,0,0,,0,0,,0.1,1,,0,0,,0,0,,0,0,,0,0,,0,0,,0,0,shadow_hand_grasp_and_place,42
0.214,,0,0,,1.0,1,,0.1,1,,0,0,,0,0,,0.1,1,,0,0,,0,0,,0,0,,0,0,,0,0,,0,0,shadow_hand_grasp_and_place,42
0.1374,,0,0,,0.1,1,,0.05,1,,0,0,,0,0,,0.1,1,,0,0,,0,0,,0,0,,0,0,,0,0,,0,0,shadow_hand_grasp_and_place,42
0.1681,,0,0,,0.05,1,,0.05,1,,0,0,,0,0,,0.1,1,,0,0,,0,0,,0,0,,0,0,,0,0,,0,0,shadow_hand_grasp_and_place,42
0.0899,,0,0,,1.0,1,,0.05,1,,0,0,,0,0,,0.1,1,,0,0,,0,0,,0,0,,0,0,,0,0,,0,0,shadow_hand_grasp_and_place,42
0.0921,,0,0,,0.1,1,,1.0,1,,0,0,,0,0,,0.1,1,,0,0,,0,0,,0,0,,0,0,,0,0,,0,0,shadow_hand_grasp_and_place,42
0.188,,0,0,,0.05,1,,1.0,1,,0,0,,0,0,,0.1,1,,0,0,,0,0,,0,0,,0,0,,0,0,,0,0,shadow_hand_grasp_and_place,42
0.1378,,0,0,,1.0,1,,1.0,1,,0,0,,0,0,,0.1,1,,0,0,,0,0,,0,0,,0,0,,0,0,,0,0,shadow_hand_grasp_and_place,42
0.2271,,0,0,,0.1,1,,0.1,1,,0,0,,0,0,,0.05,1,,0,0,,0,0,,0,0,,0,0,,0,0,,0,0,shadow_hand_grasp_and_place,42
0.2031,,0,0,,0.05,1,,0.1,1,,0,0,,0,0,,0.05,1,,0,0,,0,0,,0,0,,0,0,,0,0,,0,0,shadow_hand_grasp_and_place,42
0.1165,,0,0,,1.0,1,,0.1,1,,0,0,,0,0,,0.05,1,,0,0,,0,0,,0,0,,0,0,,0,0,,0,0,shadow_hand_grasp_and_place,42
0.1382,,0,0,,0.1,1,,0.05,1,,0,0,,0,0,,0.05,1,,0,0,,0,0,,0,0,,0,0,,0,0,,0,0,shadow_hand_grasp_and_place,42
0.1026,,0,0,,0.05,1,,0.05,1,,0,0,,0,0,,0.05,1,,0,0,,0,0,,0,0,,0,0,,0,0,,0,0,shadow_hand_grasp_and_place,42
0.1133,,0,0,,1.0,1,,0.05,1,,0,0,,0,0,,0.05,1,,0,0,,0,0,,0,0,,0,0,,0,0,,0,0,shadow_hand_grasp_and_place,42
0.059,,0,0,,0.1,1,,1.0,1,,0,0,,0,0,,0.05,1,,0,0,,0,0,,0,0,,0,0,,0,0,,0,0,shadow_hand_grasp_and_place,42
0.1659,,0,0,,0.05,1,,1.0,1,,0,0,,0,0,,0.05,1,,0,0,,0,0,,0,0,,0,0,,0,0,,0,0,shadow_hand_grasp_and_place,42
0.0913,,0,0,,1.0,1,,1.0,1,,0,0,,0,0,,0.05,1,,0,0,,0,0,,0,0,,0,0,,0,0,,0,0,shadow_hand_grasp_and_place,42
0.1023,,0,0,,0.1,1,,0.1,1,,0,0,,0,0,,1.0,1,,0,0,,0,0,,0,0,,0,0,,0,0,,0,0,shadow_hand_grasp_and_place,42
0.0589,,0,0,,0.05,1,,0.1,1,,0,0,,0,0,,1.0,1,,0,0,,0,0,,0,0,,0,0,,0,0,,0,0,shadow_hand_grasp_and_place,42
0.1921,,0,0,,1.0,1,,0.1,1,,0,0,,0,0,,1.0,1,,0,0,,0,0,,0,0,,0,0,,0,0,,0,0,shadow_hand_grasp_and_place,42
0.1364,,0,0,,0.1,1,,0.05,1,,0,0,,0,0,,1.0,1,,0,0,,0,0,,0,0,,0,0,,0,0,,0,0,shadow_hand_grasp_and_place,42
0.0534,,0,0,,0.05,1,,0.05,1,,0,0,,0,0,,1.0,1,,0,0,,0,0,,0,0,,0,0,,0,0,,0,0,shadow_hand_grasp_and_place,42
0.1596,,0,0,,1.0,1,,0.05,1,,0,0,,0,0,,1.0,1,,0,0,,0,0,,0,0,,0,0,,0,0,,0,0,shadow_hand_grasp_and_place,42
0.0929,,0,0,,0.1,1,,1.0,1,,0,0,,0,0,,1.0,1,,0,0,,0,0,,0,0,,0,0,,0,0,,0,0,shadow_hand_grasp_and_place,42
0.0573,,0,0,,0.05,1,,1.0,1,,0,0,,0,0,,1.0,1,,0,0,,0,0,,0,0,,0,0,,0,0,,0,0,shadow_hand_grasp_and_place,42
0.0781,,0,0,,1.0,1,,1.0,1,,0,0,,0,0,,1.0,1,,0,0,,0,0,,0,0,,0,0,,0,0,,0,0,shadow_hand_grasp_and_place,42
0.0119,,1.0,1,,0,0,,0,0,,1.0,1,,1.0,1,,0,0,,0,0,,0,0,,0,0,,0,0,,0,0,,0,0,shadow_hand_grasp_and_place,42
0.0114,,0.5,1,,0,0,,0,0,,1.0,1,,1.0,1,,0,0,,0,0,,0,0,,0,0,,0,0,,0,0,,0,0,shadow_hand_grasp_and_place,42
0.0181,,5.0,1,,0,0,,0,0,,1.0,1,,1.0,1,,0,0,,0,0,,0,0,,0,0,,0,0,,0,0,,0,0,shadow_hand_grasp_and_place,42
0.0341,,1.0,1,,0,0,,0,0,,0.5,1,,1.0,1,,0,0,,0,0,,0,0,,0,0,,0,0,,0,0,,0,0,shadow_hand_grasp_and_place,42
0.0117,,0.5,1,,0,0,,0,0,,0.5,1,,1.0,1,,0,0,,0,0,,0,0,,0,0,,0,0,,0,0,,0,0,shadow_hand_grasp_and_place,42
0.0386,,5.0,1,,0,0,,0,0,,0.5,1,,1.0,1,,0,0,,0,0,,0,0,,0,0,,0,0,,0,0,,0,0,shadow_hand_grasp_and_place,42
0.045,,1.0,1,,0,0,,0,0,,5.0,1,,1.0,1,,0,0,,0,0,,0,0,,0,0,,0,0,,0,0,,0,0,shadow_hand_grasp_and_place,42
0.0278,,0.5,1,,0,0,,0,0,,5.0,1,,1.0,1,,0,0,,0,0,,0,0,,0,0,,0,0,,0,0,,0,0,shadow_hand_grasp_and_place,42
0.0261,,5.0,1,,0,0,,0,0,,5.0,1,,1.0,1,,0,0,,0,0,,0,0,,0,0,,0,0,,0,0,,0,0,shadow_hand_grasp_and_place,42
0.0396,,1.0,1,,0,0,,0,0,,1.0,1,,0.5,1,,0,0,,0,0,,0,0,,0,0,,0,0,,0,0,,0,0,shadow_hand_grasp_and_place,42
0.053,,0.5,1,,0,0,,0,0,,1.0,1,,0.5,1,,0,0,,0,0,,0,0,,0,0,,0,0,,0,0,,0,0,shadow_hand_grasp_and_place,42
0.0764,,5.0,1,,0,0,,0,0,,1.0,1,,0.5,1,,0,0,,0,0,,0,0,,0,0,,0,0,,0,0,,0,0,shadow_hand_grasp_and_place,42
0.028,,1.0,1,,0,0,,0,0,,0.5,1,,0.5,1,,0,0,,0,0,,0,0,,0,0,,0,0,,0,0,,0,0,shadow_hand_grasp_and_place,42
0.0458,,0.5,1,,0,0,,0,0,,0.5,1,,0.5,1,,0,0,,0,0,,0,0,,0,0,,0,0,,0,0,,0,0,shadow_hand_grasp_and_place,42
0.0279,,5.0,1,,0,0,,0,0,,0.5,1,,0.5,1,,0,0,,0,0,,0,0,,0,0,,0,0,,0,0,,0,0,shadow_hand_grasp_and_place,42
0.0303,,1.0,1,,0,0,,0,0,,5.0,1,,0.5,1,,0,0,,0,0,,0,0,,0,0,,0,0,,0,0,,0,0,shadow_hand_grasp_and_place,42
0.0797,,0.5,1,,0,0,,0,0,,5.0,1,,0.5,1,,0,0,,0,0,,0,0,,0,0,,0,0,,0,0,,0,0,shadow_hand_grasp_and_place,42
0.0132,,5.0,1,,0,0,,0,0,,5.0,1,,0.5,1,,0,0,,0,0,,0,0,,0,0,,0,0,,0,0,,0,0,shadow_hand_grasp_and_place,42
0.0262,,1.0,1,,0,0,,0,0,,1.0,1,,5.0,1,,0,0,,0,0,,0,0,,0,0,,0,0,,0,0,,0,0,shadow_hand_grasp_and_place,42
0.006,,0.5,1,,0,0,,0,0,,1.0,1,,5.0,1,,0,0,,0,0,,0,0,,0,0,,0,0,,0,0,,0,0,shadow_hand_grasp_and_place,42
0.008,,1.0,1,,0,0,,0,0,,0.5,1,,5.0,1,,0,0,,0,0,,0,0,,0,0,,0,0,,0,0,,0,0,shadow_hand_grasp_and_place,42
0.0189,,0.5,1,,0,0,,0,0,,0.5,1,,5.0,1,,0,0,,0,0,,0,0,,0,0,,0,0,,0,0,,0,0,shadow_hand_grasp_and_place,42
0.0198,,5.0,1,,0,0,,0,0,,0.5,1,,5.0,1,,0,0,,0,0,,0,0,,0,0,,0,0,,0,0,,0,0,shadow_hand_grasp_and_place,42
0.006,,1.0,1,,0,0,,0,0,,5.0,1,,5.0,1,,0,0,,0,0,,0,0,,0,0,,0,0,,0,0,,0,0,shadow_hand_grasp_and_place,42
0.003,,0.5,1,,0,0,,0,0,,5.0,1,,5.0,1,,0,0,,0,0,,0,0,,0,0,,0,0,,0,0,,0,0,shadow_hand_grasp_and_place,42
0.003,,5.0,1,,0,0,,0,0,,5.0,1,,5.0,1,,0,0,,0,0,,0,0,,0,0,,0,0,,0,0,,0,0,shadow_hand_grasp_and_place,42
0.0226,,1.0,1,,0,0,,0,0,,1.0,1,,1.0,1,,0,0,,0,0,,0,0,,10.0,1,,0,0,,0,0,,0,0,shadow_hand_grasp_and_place,42
0.0288,,1.0,1,,0,0,,0,0,,1.0,1,,1.0,1,,0,0,,0,0,,0,0,,1.0,1,,0,0,,0,0,,0,0,shadow_hand_grasp_and_place,42
0.0225,,1.0,1,,0,0,,0,0,,1.0,1,,1.0,1,,0,0,,0,0,,0,0,,20.0,1,,0,0,,0,0,,0,0,shadow_hand_grasp_and_place,42
0.0313,,0.5,1,,0,0,,0,0,,1.0,1,,1.0,1,,0,0,,0,0,,0,0,,10.0,1,,0,0,,0,0,,0,0,shadow_hand_grasp_and_place,42
0.0118,,0.5,1,,0,0,,0,0,,1.0,1,,1.0,1,,0,0,,0,0,,0,0,,1.0,1,,0,0,,0,0,,0,0,shadow_hand_grasp_and_place,42
0.1055,,0.5,1,,0,0,,0,0,,1.0,1,,1.0,1,,0,0,,0,0,,0,0,,20.0,1,,0,0,,0,0,,0,0,shadow_hand_grasp_and_place,42
0.1302,,5.0,1,,0,0,,0,0,,1.0,1,,1.0,1,,0,0,,0,0,,0,0,,10.0,1,,0,0,,0,0,,0,0,shadow_hand_grasp_and_place,42
0.0104,,5.0,1,,0,0,,0,0,,1.0,1,,1.0,1,,0,0,,0,0,,0,0,,1.0,1,,0,0,,0,0,,0,0,shadow_hand_grasp_and_place,42
0.0284,,5.0,1,,0,0,,0,0,,1.0,1,,1.0,1,,0,0,,0,0,,0,0,,20.0,1,,0,0,,0,0,,0,0,shadow_hand_grasp_and_place,42
0.0453,,1.0,1,,0,0,,0,0,,0.5,1,,1.0,1,,0,0,,0,0,,0,0,,10.0,1,,0,0,,0,0,,0,0,shadow_hand_grasp_and_place,42
0.0295,,1.0,1,,0,0,,0,0,,0.5,1,,1.0,1,,0,0,,0,0,,0,0,,1.0,1,,0,0,,0,0,,0,0,shadow_hand_grasp_and_place,42
0.0698,,1.0,1,,0,0,,0,0,,0.5,1,,1.0,1,,0,0,,0,0,,0,0,,20.0,1,,0,0,,0,0,,0,0,shadow_hand_grasp_and_place,42
0.0564,,0.5,1,,0,0,,0,0,,0.5,1,,1.0,1,,0,0,,0,0,,0,0,,10.0,1,,0,0,,0,0,,0,0,shadow_hand_grasp_and_place,42
0.0296,,0.5,1,,0,0,,0,0,,0.5,1,,1.0,1,,0,0,,0,0,,0,0,,1.0,1,,0,0,,0,0,,0,0,shadow_hand_grasp_and_place,42
0.0285,,0.5,1,,0,0,,0,0,,0.5,1,,1.0,1,,0,0,,0,0,,0,0,,20.0,1,,0,0,,0,0,,0,0,shadow_hand_grasp_and_place,42
0.046,,5.0,1,,0,0,,0,0,,0.5,1,,1.0,1,,0,0,,0,0,,0,0,,10.0,1,,0,0,,0,0,,0,0,shadow_hand_grasp_and_place,42
0.0909,,5.0,1,,0,0,,0,0,,0.5,1,,1.0,1,,0,0,,0,0,,0,0,,1.0,1,,0,0,,0,0,,0,0,shadow_hand_grasp_and_place,42
0.0638,,5.0,1,,0,0,,0,0,,0.5,1,,1.0,1,,0,0,,0,0,,0,0,,20.0,1,,0,0,,0,0,,0,0,shadow_hand_grasp_and_place,42
0.0444,,1.0,1,,0,0,,0,0,,5.0,1,,0.5,1,,0,0,,0,0,,0,0,,10.0,1,,0,0,,0,0,,0,0,shadow_hand_grasp_and_place,42
0.0769,,1.0,1,,0,0,,0,0,,5.0,1,,0.5,1,,0,0,,0,0,,0,0,,1.0,1,,0,0,,0,0,,0,0,shadow_hand_grasp_and_place,42
0.1114,,1.0,1,,0,0,,0,0,,5.0,1,,0.5,1,,0,0,,0,0,,0,0,,20.0,1,,0,0,,0,0,,0,0,shadow_hand_grasp_and_place,42
0.0304,,0.5,1,,0,0,,0,0,,5.0,1,,0.5,1,,0,0,,0,0,,0,0,,10.0,1,,0,0,,0,0,,0,0,shadow_hand_grasp_and_place,42
0.0275,,0.5,1,,0,0,,0,0,,5.0,1,,0.5,1,,0,0,,0,0,,0,0,,1.0,1,,0,0,,0,0,,0,0,shadow_hand_grasp_and_place,42
0.0434,,0.5,1,,0,0,,0,0,,5.0,1,,0.5,1,,0,0,,0,0,,0,0,,20.0,1,,0,0,,0,0,,0,0,shadow_hand_grasp_and_place,42
0.0359,,5.0,1,,0,0,,0,0,,5.0,1,,0.5,1,,0,0,,0,0,,0,0,,10.0,1,,0,0,,0,0,,0,0,shadow_hand_grasp_and_place,42
0.0139,,5.0,1,,0,0,,0,0,,5.0,1,,0.5,1,,0,0,,0,0,,0,0,,1.0,1,,0,0,,0,0,,0,0,shadow_hand_grasp_and_place,42
0.0332,,5.0,1,,0,0,,0,0,,5.0,1,,0.5,1,,0,0,,0,0,,0,0,,20.0,1,,0,0,,0,0,,0,0,shadow_hand_grasp_and_place,42
0.0548,,1.0,1,,0,0,,0,0,,1.0,1,,5.0,1,,0,0,,0,0,,0,0,,10.0,1,,0,0,,0,0,,0,0,shadow_hand_grasp_and_place,42
0.0908,,1.0,1,,0,0,,0,0,,1.0,1,,5.0,1,,0,0,,0,0,,0,0,,1.0,1,,0,0,,0,0,,0,0,shadow_hand_grasp_and_place,42
0.1241,,1.0,1,,0,0,,0,0,,1.0,1,,5.0,1,,0,0,,0,0,,0,0,,20.0,1,,0,0,,0,0,,0,0,shadow_hand_grasp_and_place,42
0.0183,,0.5,1,,0,0,,0,0,,1.0,1,,5.0,1,,0,0,,0,0,,0,0,,10.0,1,,0,0,,0,0,,0,0,shadow_hand_grasp_and_place,42
0.0185,,0.5,1,,0,0,,0,0,,1.0,1,,5.0,1,,0,0,,0,0,,0,0,,1.0,1,,0,0,,0,0,,0,0,shadow_hand_grasp_and_place,42
0.046,,0.5,1,,0,0,,0,0,,1.0,1,,5.0,1,,0,0,,0,0,,0,0,,20.0,1,,0,0,,0,0,,0,0,shadow_hand_grasp_and_place,42
0.041,,5.0,1,,0,0,,0,0,,1.0,1,,5.0,1,,0,0,,0,0,,0,0,,10.0,1,,0,0,,0,0,,0,0,shadow_hand_grasp_and_place,42
0.05,,5.0,1,,0,0,,0,0,,1.0,1,,5.0,1,,0,0,,0,0,,0,0,,1.0,1,,0,0,,0,0,,0,0,shadow_hand_grasp_and_place,42
0.0159,,5.0,1,,0,0,,0,0,,1.0,1,,5.0,1,,0,0,,0,0,,0,0,,20.0,1,,0,0,,0,0,,0,0,shadow_hand_grasp_and_place,42
